original_url,action,new_url,comment_jp,comment_en,etc,チェック
//ftp.netbsd.org/pub/pkgsrc/packages/QNX,no_link_page,無し,（リンク切れです）,(No corresponding page available.),,
//ftp.stack.nl/pub/users/dimitri/doxygen-1.8.10-setup.exe,no_link_page,無し,（リンク切れです）,(No corresponding page available.),,
//ftp.stack.nl/pub/users/dimitri/doxygen-1.8.14-setup.exe,no_link_page,無し,（リンク切れです）,(No corresponding page available.),,
//ja/node/6655,change,/doc/installation/install_1_2/openrtp_1_2/,,,,
//www.openrtm.org/OpenRTM-aist/download/resume/080820/pyusb-0.4.1.win32-py2.5.exe,no_link_page,無し,（リンク切れです）,(No corresponding page available.),,
//www.sec.co.jp,keep,無し,,,,
//www.tech-arts.co.jp/,keep,無し,,,,
//www.yaskawa.co.jp/,keep,無し,,,,
/community/forum_ja,no_link_page,無し,（「フォーラム」のページはリンク切れです）,(No corresponding page (forum) available.),フォーラム,
/community/mailinglist_ja,no_link_page,無し,（「メーリングリスト」のページはリンク切れです）,(No corresponding page (mailinglist) available.),メーリングリスト,
/content/about_installscript,change,/doc/appendix/bulk_installation_script,,,,
/content/openrtm-aist-c-112-release,change,/download/openrtm-aist-cpp/openrtm-aist-cpp_1_1_2_release,,,,
/content/rtmcontest2017,projectpage,プロジェクトぺーじ,（Projectページはリンク切れです）,(No corresponding English project page available.),,
/content/rtmcontest2021,projectpage,プロジェクトぺーじ,（Projectページはリンク切れです）,(No corresponding English project page available.),,
/content/rtmcontest2023,projectpage,プロジェクトぺーじ,（Projectページはリンク切れです）,(No corresponding English project page available.),,
/content/simulator_rtc_raspbian_raspimouse,change,/doc/casestudy/raspberrypi_mouse/raspimouse_simulator_use,,,,
/contests/2012,projectpage,プロジェクトぺーじ,（Projectページはリンク切れです）,(No corresponding English project page available.),,
/contests/2013,projectpage,プロジェクトぺーじ,（Projectページはリンク切れです）,(No corresponding English project page available.),,
/contests/2014,projectpage,プロジェクトぺーじ,（Projectページはリンク切れです）,(No corresponding English project page available.),,
/contests/2015,projectpage,プロジェクトぺーじ,（Projectページはリンク切れです）,(No corresponding English project page available.),,
/contests/2016,projectpage,プロジェクトぺーじ,（Projectページはリンク切れです）,(No corresponding English project page available.),,
/contests/2017,projectpage,プロジェクトぺーじ,（Projectページはリンク切れです）,(No corresponding English project page available.),,
/contests/2018,projectpage,プロジェクトぺーじ,（Projectページはリンク切れです）,(No corresponding English project page available.),,
/contests/2019,projectpage,プロジェクトぺーじ,（Projectページはリンク切れです）,(No corresponding English project page available.),,
/contests/2020,projectpage,プロジェクトぺーじ,（Projectページはリンク切れです）,(No corresponding English project page available.),,
/contests/2021,projectpage,プロジェクトぺーじ,（Projectページはリンク切れです）,(No corresponding English project page available.),,
/contests/2022,projectpage,プロジェクトぺーじ,（Projectページはリンク切れです）,(No corresponding English project page available.),,
/contests/2023,projectpage,プロジェクトぺーじ,（Projectページはリンク切れです）,(No corresponding English project page available.),,
/contests/2024,projectpage,プロジェクトぺーじ,（Projectページはリンク切れです）,(No corresponding English project page available.),,
/contests/2025,projectpage,プロジェクトぺーじ,（Projectページはリンク切れです）,(No corresponding English project page available.),,
/doc/installation/lets_start122,change,/doc/installation/lets_start122,,,,
/ja/casestudy/lego_mindstorm_ev3,change,/doc/casestudy/lego_mindstorm/,,,,
/ja/content/about_installscript,change,/doc/appendix/bulk_installation_script,,,,
/ja/content/how_to_install_VS2017,no_link_page,無し,（リンク切れです）,(No corresponding page available.),,
/ja/content/openlab2012_exhibitor,no_link_page,無し,（リンク切れです）,(No corresponding page available.),,
/ja/content/openrtm-aist-c-112-release,change,/download/openrtm-aist-cpp/openrtm-aist-cpp_1_1_2_release,,,,
/ja/content/openrtm-aist-java-110-release,change,/download/openrtm-aist-java/openrtm-aist-java_1_1_0_release,,,,
/ja/content/rtm-install-check-script,change,/doc/installation/install_1_1/cpp_1_1/install_windows_1_1/windows_install_test_bat,,,,
/ja/content/tipsjava100,change,/doc/installation/install_1_1/java_1_1/tips_jdk/,,,,
/ja/content/tool_trouble_shooting_ja,change,/doc/faq/faq_rtp_tools/,,,,
/ja/doc/developersguide/advanced_rt_system_programming/ssm_comm_use,change,/doc/developersguide/advanced_rt_system_programming/ssm_comm_use,,,,
/ja/doc/installation/install_1_2/eclipse,change,/doc/installation/install_1_2/openrtp_1_2/,,,,
/ja/doc/installation/install_2_0/cpp_2_0/build_2_0/openrtm_cpp_cmake_build,change,/doc/developersguide/advanced_rt_system_programming/openrtm_cpp_cmake_build/,,,,
/ja/doc/installation/install_2_1/install_linux_2_1/install_2_1/install_debpackages_workcontent_2_1,change,/doc/installation/install_2_1/install_linux_2_1/install_debpackages_workcontent_2_1/,,,,
/ja/doc/installation/install_2_1/install_win_2_1/install_2_1,change,/doc/installation/install_2_1/install_windows_2_1/install_2_1/,,,,
/ja/doc/installation/lets_start122,change,/doc/installation/lets_start,,,,
/ja/download/openrtp/openrtp-110-rc3-ja,no_link_page,無し,（リンク切れです）,(No corresponding page available.),,
/ja/download/openrtp/openrtp-110-rc4-ja,no_link_page,無し,（リンク切れです）,(No corresponding page available.),,
/ja/download/openrtp/openrtp-110-rc5-ja,no_link_page,無し,（リンク切れです）,(No corresponding page available.),,
/ja/node/1001,change,/doc/installation/install_1_1/cpp_1_1/install_ubuntu_1_1/,,,,
/ja/node/110,change,/doc/casestudy/,,,,
/ja/node/113,change,/doc/developersguide,,,,
/ja/node/1182,change,/doc/installation/install_1_1/python_1_1/install_ubuntu_python_1_1,,,,
/ja/node/1186,change,/doc/installation/install_1_1/python_1_1/install_fedora_python_1_1,,,,
/ja/node/1187,change,/doc/installation/install_1_1/python_1_1/install_vine_python_1_1,,,,
/ja/node/120,change,/doc/installation/install_1_1/cpp_1_1/install_rasbian_1_1,,,,
/ja/node/1224,change,/doc/installation/install_1_1/python_1_1/test_linux_python_1_1,,,,
/ja/node/1225,change,/doc/installation/install_1_1/python_1_1/test_windows_python_1_1,,,,
/ja/node/1229,change,/doc/installation/install_1_1/java_1_1/test_linux_java_1_1/,,,,
/ja/node/123,projectpage,projectに関する説明ぺーじ,"（Projectページ(プロジェクト,node/123)はリンク切れです）",(No corresponding English project page available.),,
/ja/node/130,change,/tutorials/,,,,
/ja/node/1453,no_link_page,古いぺーじ,（リンク切れです）,(No corresponding page available.),,
/ja/node/1486,no_link_page,古いぺーじ,（リンク切れです）,(No corresponding page available.),,
/ja/node/159,change,/doc/casestudy/rtc_development/about_rtc_creation,,,,
/ja/node/248,change,/doc/faq/faq_rtp_tools,,,,
/ja/node/268,change,/doc/casestudy/rtc_development/rtc_development_nxtway,,,,
/ja/node/3850,change,/tutorials/summercamp2011/,,,,
/ja/node/3853,projectpage,プロジェクトぺーじ,（Projectページはリンク切れです）,(No corresponding English project page available.),,
/ja/node/430,change,/doc/casestudy/opencv_comp_development/opencv_ubuntu_1404,,,,
/ja/node/4529,change,/download/openrtm-aist-java/openrtm-aist-java_1_1_0_rc1/,,,,
/ja/node/4601,change,/doc/toolmanuals/rtcbuilder-1_1_0,,,,
/ja/node/4623,change,/doc/toolmanuals/rtcbuilder-1_1_0/compile_win_cmake_cpp_rtcb_1_1_0,,,,
/ja/node/4870,change,/doc/toolmanuals/rtsystemeditor-1_1_0,,,,
/ja/node/4885,change,/doc/toolmanuals/rtsystemeditor-1_1_0/rtse-1_1_0_setting,,,,
/ja/node/4885/,change,/doc/toolmanuals/rtsystemeditor-1_1_0/rtse-1_1_0_setting,,,,
/ja/node/5012,change,/download/openrtm-aist-cpp/openrtm-aist-cpp_1_1_0_release/,,,,
/ja/node/5013,change,/doc/old_documents/install_rtshell,,,,
/ja/node/5014,change,/content/rtshell_managing_rt_systems/,,,,
/ja/node/5017,no_link_page,申込ページのため移行しない,（リンク切れです）,(No corresponding page available.),,
/ja/node/5022,change,/doc/casestudy/opencv_comp_development/opencv_winxp_rtmtools_vc2010/,,,,
/ja/node/5025,no_link_page,申込ページのため移行しない,（リンク切れです）,(No corresponding page available.),,
/ja/node/5026,no_link_page,申込ページのため移行しない,（リンク切れです）,(No corresponding page available.),,
/ja/node/5029,no_link_page,申込ページのため移行しない,（リンク切れです）,(No corresponding page available.),,
/ja/node/5030,no_link_page,申込ページのため移行しない,（リンク切れです）,(No corresponding page available.),,
/ja/node/5031,no_link_page,申込ページのため移行しない,（リンク切れです）,(No corresponding page available.),,
/ja/node/5048,change,/tutorials/summercamp2012/,,,,
/ja/node/5177,no_link_page,フォーラムのメッセージのリンク,（リンク切れです）,(No corresponding page available.),,
/ja/node/5269,change,/doc/installation/other/raspberrypi_casestudy,,,,
/ja/node/5710,change,/doc/installation/install_1_1/cpp_1_1/install_windows_1_1/quick_start_1_1_2/,,,,
/ja/node/5778,change,/download/tools/openrtp_1_1_0_rc5/,,,,
/ja/node/5784,change,/tutorials/robomech2015/,,,,
/ja/node/5794,change,/doc/casestudy/leapmotion_choreonoid/,,,,
/ja/node/5861,change,/doc/casestudy/lego_mindstorm/lego_setup_ev3_ev3dev,,,,
/ja/node/5864,change,/doc/casestudy/lego_mindstorm,,,,
/ja/node/6005,change,/doc/casestudy/raspberrypi_mouse/,,,,
/ja/node/6015,change,/doc/casestudy/raspberrypi_mouse/raspimouse_rtc_on_raspbian,,,,
/ja/node/6016,change,/doc/casestudy/raspberrypi_mouse/raspimouse_rtc_on_windows/,,,,
/ja/node/6018,change,/content/rtc_create_raspimouse/,,,,
/ja/node/6026,change,/doc/installation/install_1_1/cpp_1_1/install_windows_1_1/quick_start_1_1_2,,,,
/ja/node/6030,change,/doc/casestudy/lego_mindstorm/lego_ev3_rtc_install,,,,
/ja/node/6033,change,/content/build_ubuntu_codeblocks,,,,
/ja/node/6034,change,/download/openrtm-aist-cpp/openrtm-aist-cpp_1_1_2_release,,,,
/ja/node/6035,change,/download/openrtm-aist-python/openrtm-aist-python_1_1_2_release/,,,,
/ja/node/6036,change,/download/openrtm-aist-java/openrtm-aist-java_1_1_2_release/,,,,
/ja/node/6037,change,/download/tools/openrtp_1_1_2/,,,,
/ja/node/6038,change,/doc/casestudy/lego_mindstorm/lego_howtobuild,,,,
/ja/node/6041,change,/doc/casestudy/lego_mindstorm/lego_tutorial_ev3,,,,
/ja/node/6042,change,/doc/casestudy/raspberrypi_mouse/raspimouse_tutorial,,,,
/ja/node/6057,change,/doc/casestudy/opencv_comp_development/opencv_win81_vs2015,,,,
/ja/node/6058,change,/doc/casestudy/opencv_comp_development/opencv_ubuntu_1604,,,,
/ja/node/6092,change,/doc/installation/install_1_1/cpp_1_1/install_windows_1_1/windows_install_test_bat,,,,
/ja/node/6136,change,/content/vc_version_changer,,,,
/ja/node/6178,no_link_page,無し,（リンク切れです）,(No corresponding page available.),古いページ（VC2017のインストール方法）,
/ja/node/6198,change,/doc/casestudy/raspberrypi_mouse/raspimouse_simulator_use,,,,
/ja/node/624,change,/community/,,,,
/ja/node/6310,change,/doc/casestudy/raspberrypi_mouse/raspimouse_tutorial_bootcamp/tutorial_bootcamp_cpp_windows,,,,
/ja/node/6311,change,/doc/casestudy/raspberrypi_mouse/raspimouse_tutorial_bootcamp/tutorial_bootcamp_cpp_ubuntu,,,,
/ja/node/6339,change,/doc/developersguide/advanced_rt_system_programming/openrtm_cpp_cmake_build,,,,
//node/6345,change,/doc/appendix/bulk_installation_script,,,,
/ja/node/6345,change,/doc/appendix/bulk_installation_script,,,,
/ja/node/6378,change,/doc/installation/install_1_1/cpp_1_1/install_vxworks_1_1/test_vxworks_km_simulator/setup_vxwork_simulator,,,,
/ja/node/6379,change,/doc/installation/install_1_1/cpp_1_1/install_vxworks_1_1/test_vxworks_km_ppcboard/vxworks_target_server_setup/,,,,
/ja/node/6381,change,/doc/casestudy/lego_mindstorm/lego_rtm_seminar/tutorial_ev3_win/,,,,
/ja/node/6382,change,/doc/casestudy/lego_mindstorm/lego_rtm_seminar/tutorial_ev3_ubuntu,,,,
/ja/node/6384,change,/doc/casestudy/lego_mindstorm/lego_rtm_seminar/tutorial_ev3_part3/,,,,
/ja/node/6386,change,/doc/casestudy/raspberrypi_mouse/raspimouse_tutorial_bootcamp/tutorial_bootcamp_python_windows,,,,
http://openrtm.org/openrtm/ja/node/6386,change,/doc/casestudy/raspberrypi_mouse/raspimouse_tutorial_bootcamp/tutorial_bootcamp_python_windows,,,,
/ja/node/6387,change,/doc/casestudy/raspberrypi_mouse/raspimouse_tutorial_bootcamp/tutorial_bootcamp_python_ubuntu,,,,
/ja/node/6389,change,/tutorials/171128_jsai/tutorials_data_collection,,,,
/ja/node/640,no_link_page,無し,（リンク切れです）,(No corresponding page available.),ページ無し,
/ja/node/6425,change,/doc/faq/faq_openrtm_java,,,,
/ja/node/6426,change,/doc/faq/faq_rtc_creation,,,,
/ja/node/6521,change,/doc/installation/lets_start121,,,,
/ja/node/6550,change,/doc/casestudy/raspberrypi_mouse/raspimouse_tutorial_rtm_seminar/tutorial_rtm_seminar_win_part2,,,,
/ja/node/6551,change,/doc/casestudy/raspberrypi_mouse/raspimouse_tutorial_rtm_seminar/tutorial_rtm_seminar_ubuntu_part2,,,,
/ja/node/6552,change,/doc/casestudy/raspberrypi_mouse/raspimouse_tutorial_rtm_seminar/tutorial_rtm_seminar_part3,,,,
/ja/node/6586,change,/doc/casestudy/raspberrypi_mouse/raspimouse_tutorial_rtm_seminar/tutorial_rtm_seminar_part4,,,,
/ja/node/660,no_link_page,無し,（リンク切れです）,(No corresponding page available.),ページ無し,
/ja/node/6600,change,/doc/installation/install_1_2/cpp_1_2/,,,,
/ja/node/6601,change,/doc/installation/install_1_2/python_1_2,,,,
/ja/node/6602,change,/doc/installation/install_1_2/java_1_2,,,,
/ja/node/6611,change,/doc/installation/install_1_2/cpp_1_2/build_source_windows_1_2,,,,
/ja/node/6612,change,/doc/installation/install_1_2/cpp_1_2/build_source_linux_1_2,,,,
/ja/node/6618,change,/doc/installation/install_1_2/python_1_2/build_source_python_windows_1_2,,,,
/ja/node/6625,change,/doc/installation/install_1_2/java_1_2/build_source_java_1_2,,,,
/ja/node/6629,change,/doc/installation/install_2_0/install_windows_2_0/install_2_0,,,,
/ja/node/6650,change,/doc/installation/install_1_2/cpp_1_2/install_windows_1_2/visual_studio_1_2/visual_studio_2022,,,,
/ja/node/6650/,change,/doc/installation/install_1_2/cpp_1_2/install_windows_1_2/visual_studio_1_2/visual_studio_2022,,,,
/ja/node/6651,change,/doc/installation/install_1_2/python_1_2/build_source_python_linux_1_2,,,,
/ja/node/6653,change,/doc/installation/install_1_2/start_openrtp_proc_windows_1_2,,,,
/ja/node/667,no_link_page,無し,（リンク切れです）,(No corresponding page available.),古いページで無し,
/ja/node/6741,change,/doc/toolmanuals/rtsystemeditor-1_1_0/,（RTSystemEditor-1.1.0）,（RTSystemEditor-1.1.0）,,
/ja/node/6892,projectpage,プロジェクトぺーじ,（Projectページはリンク切れです）,(No corresponding English project page available.),,
/ja/node/6902,projectpage,プロジェクトぺーじ,（Projectページはリンク切れです）,(No corresponding English project page available.),,
/ja/node/6905,change,/doc/casestudy/raspberrypi_mouse/raspimouse_tutorial_rtm_seminar/tutorial_rtm_seminar_part4/,,,,
/ja/node/6906,projectpage,プロジェクトぺーじ,（Projectページはリンク切れです）,(No corresponding English project page available.),,
/ja/node/6907,projectpage,プロジェクトぺーじ,（Projectページはリンク切れです）,(No corresponding English project page available.),,
/ja/node/6908,projectpage,プロジェクトぺーじ,（Projectページはリンク切れです）,(No corresponding English project page available.),,
/ja/node/6909,projectpage,プロジェクトぺーじ,（Projectページはリンク切れです）,(No corresponding English project page available.),,
/ja/node/6911,change,/doc/installation/common/install_jdk8,,,,
/ja/node/6916,projectpage,プロジェクトぺーじ,（Projectページはリンク切れです）,(No corresponding English project page available.),,
/ja/node/6917,projectpage,プロジェクトぺーじ,（Projectページはリンク切れです）,(No corresponding English project page available.),,
/ja/node/6918,projectpage,プロジェクトぺーじ,（Projectページはリンク切れです）,(No corresponding English project page available.),,
/ja/node/6919,projectpage,プロジェクトぺーじ,（Projectページはリンク切れです）,(No corresponding English project page available.),,
/ja/node/6920,projectpage,プロジェクトぺーじ,（Projectページはリンク切れです）,(No corresponding English project page available.),,
/ja/node/6974,change,/doc/installation/sample_components/opencvcamera/opencv_sample_build,,,,
/ja/node/7057,change,/doc/installation/lets_start202,,,,
/ja/node/7071,projectpage,プロジェクトぺーじ,（Projectページはリンク切れです）,(No corresponding English project page available.),,
/ja/node/7083,projectpage,プロジェクトぺーじ,（Projectページはリンク切れです）,(No corresponding English project page available.),,
/ja/node/7084,projectpage,プロジェクトぺーじ,（Projectページはリンク切れです）,(No corresponding English project page available.),,
/ja/node/7085,projectpage,プロジェクトぺーじ,（Projectページはリンク切れです）,(No corresponding English project page available.),,
/ja/node/7086,projectpage,プロジェクトぺーじ,（Projectページはリンク切れです）,(No corresponding English project page available.),,
/ja/node/7097,change,/doc/casestudy/raspberrypi_mouse/raspimouse_tutorial_rtm_seminar/tutorial_rtm_seminar_rtshell_raspberrypimouse,,,,
/ja/node/7098,change,/doc/casestudy/raspberrypi_mouse/raspimouse_tutorial_rtm_seminar/tutorial_rtm_seminar_slam_raspberrypimouse,,,,
/ja/node/7103,change,/doc/casestudy/raspberrypi_mouse/raspimouse_tutorial_rtm_seminar/tutorial_rtm_seminar_connect_error,,,,
/ja/node/7116,projectpage,プロジェクトぺーじ,（Projectページはリンク切れです）,(No corresponding English project page available.),,
/ja/node/7119,projectpage,プロジェクトぺーじ,（Projectページはリンク切れです）,(No corresponding English project page available.),,
/ja/node/7122,projectpage,プロジェクトぺーじ,（Projectページはリンク切れです）,(No corresponding English project page available.),,
/ja/node/7123,projectpage,プロジェクトぺーじ,（Projectページはリンク切れです）,(No corresponding English project page available.),,
/ja/node/7124,projectpage,プロジェクトぺーじ,（Projectページはリンク切れです）,(No corresponding English project page available.),,
/ja/node/7125,projectpage,プロジェクトぺーじ,（Projectページはリンク切れです）,(No corresponding English project page available.),,
/ja/node/7150,change,/doc/developersguide/advanced_rt_system_programming/choreonoid_openrtm_plugin/tutorial/,,,,
/ja/node/7151,change,/doc/casestudy/opencv_comp_development/opencv_win10_vs2019,,,,
/ja/node/7197,change,/doc/casestudy/raspberrypi_mouse/raspimouse_tutorial_rtm_seminar/tutorial_rtm_seminar_opencv_raspberrypimouse,,,,
/ja/node/7198,projectpage,プロジェクトぺーじ,（Projectページはリンク切れです）,(No corresponding English project page available.),,
/ja/node/7205,projectpage,プロジェクトぺーじ,（Projectページはリンク切れです）,(No corresponding English project page available.),,
/ja/node/7211,projectpage,プロジェクトぺーじ,（Projectページはリンク切れです）,(No corresponding English project page available.),,
/ja/node/7212,projectpage,プロジェクトぺーじ,（Projectページはリンク切れです）,(No corresponding English project page available.),,
/ja/node/7213,projectpage,プロジェクトぺーじ,（Projectページはリンク切れです）,(No corresponding English project page available.),,
/ja/node/7214/,projectpage,プロジェクトぺーじ,（Projectページはリンク切れです）,(No corresponding English project page available.),,
/ja/node/7216,projectpage,プロジェクトぺーじ,（Projectページはリンク切れです）,(No corresponding English project page available.),,
/ja/node/7232,change,/doc/casestudy/processing/,,,,
/ja/node/7243,projectpage,プロジェクトぺーじ,（Projectページはリンク切れです）,(No corresponding English project page available.),,
/ja/node/7244,projectpage,プロジェクトぺーじ,（Projectページはリンク切れです）,(No corresponding English project page available.),,
/ja/node/7245,projectpage,プロジェクトぺーじ,（Projectページはリンク切れです）,(No corresponding English project page available.),,
/ja/node/7246,projectpage,プロジェクトぺーじ,（Projectページはリンク切れです）,(No corresponding English project page available.),,
/ja/node/7247,projectpage,プロジェクトぺーじ,（Projectページはリンク切れです）,(No corresponding English project page available.),,
/ja/node/7248,projectpage,プロジェクトぺーじ,（Projectページはリンク切れです）,(No corresponding English project page available.),,
/ja/node/7249,projectpage,プロジェクトぺーじ,（Projectページはリンク切れです）,(No corresponding English project page available.),,
/ja/node/7250,projectpage,プロジェクトぺーじ,（Projectページはリンク切れです）,(No corresponding English project page available.),,
/ja/node/7251,projectpage,プロジェクトぺーじ,（Projectページはリンク切れです）,(No corresponding English project page available.),,
/ja/node/7295,change,/tutorials/polytech2024/,,,,
/ja/node/7323,change,/doc/installation/lets_start,,,,
/ja/node/7332,change,/download/,,,,
/ja/node/737,no_link_page,無し,（リンク切れです）,(No corresponding page available.),,
/ja/node/744,change,/doc/casestudy/opencv_comp_development,,,,
/ja/node/788,change,/doc/installation/install_1_1/cpp_1_1/build_source_linux_1_1,,,,
/ja/node/789,change,/doc/installation/install_1_1/cpp_1_1/test_linux_1_1/,,,,
/ja/node/793,change,/doc/installation/install_1_1/cpp_1_1/build_source_windows_1_1/,,,,
/ja/node/794,change,/doc/installation/install_1_1/cpp_1_1/test_windows_1_1,,,,
/ja/node/804,change,/doc/installation/install_1_1/java_1_1/install_linux_java_1_1,,,,
/ja/node/805,change,/doc/installation/install_1_1/java_1_1/tips_jdk/,,,,
/ja/node/805/,change,/doc/installation/install_1_1/java_1_1/tips_jdk/,,,,
/ja/node/807,change,/doc/installation/install_1_1/java_1_1/install_windows_java_1_1/,,,,
/ja/node/808,change,/download/openrtm-aist-java/openrtm-aist-java_1_0_0_rc1/,,,,
/ja/node/811,change,/doc/installation/sample_components/,,,,
/ja/node/850,no_link_page,古いletsstartページ,（リンク切れです）,(No corresponding page available.),,
/ja/node/933,change,/download/openrtm-aist-java/openrtm-aist-java_1_0_0_release/,,,,
/ja/node/941,no_link_page,古いページ（OpenRTM Eclipse tools 1.0-RELEASE）,（リンク切れです）,(No corresponding page available.),,
/ja/node/999,change,/doc/installation/install_1_1/cpp_1_1,,,,
/ja/project/SummerCamp2017_group1,projectpage,プロジェクトぺーじ,（Projectページはリンク切れです）,(No corresponding English project page available.),,
/ja/project/SummerCamp2017_group2,projectpage,プロジェクトぺーじ,（Projectページはリンク切れです）,(No corresponding English project page available.),,
/ja/project/SummerCamp2017_group3,projectpage,プロジェクトぺーじ,（Projectページはリンク切れです）,(No corresponding English project page available.),,
/ja/project/SummerCamp2017_group4,projectpage,プロジェクトぺーじ,（Projectページはリンク切れです）,(No corresponding English project page available.),,
/ja/project/SummerCamp2017_group5,projectpage,プロジェクトぺーじ,（Projectページはリンク切れです）,(No corresponding English project page available.),,
/ja/project/SummerCamp2018_group1,projectpage,プロジェクトぺーじ,（Projectページはリンク切れです）,(No corresponding English project page available.),,
/ja/project/SummerCamp2018_group2,projectpage,プロジェクトぺーじ,（Projectページはリンク切れです）,(No corresponding English project page available.),,
/ja/project/SummerCamp2018_group3,projectpage,プロジェクトぺーじ,（Projectページはリンク切れです）,(No corresponding English project page available.),,
/ja/project/SummerCamp2018_group4,projectpage,プロジェクトぺーじ,（Projectページはリンク切れです）,(No corresponding English project page available.),,
/ja/project/SummerCamp2019_group1,projectpage,プロジェクトぺーじ,（Projectページはリンク切れです）,(No corresponding English project page available.),,
/ja/project/SummerCamp2019_group2,projectpage,プロジェクトぺーじ,（Projectページはリンク切れです）,(No corresponding English project page available.),,
/ja/project/SummerCamp2019_group3,projectpage,プロジェクトぺーじ,（Projectページはリンク切れです）,(No corresponding English project page available.),,
/ja/project/SummerCamp2019_group4,projectpage,プロジェクトぺーじ,（Projectページはリンク切れです）,(No corresponding English project page available.),,
/ja/project/SummerCamp2019_group5,projectpage,プロジェクトぺーじ,（Projectページはリンク切れです）,(No corresponding English project page available.),,
/ja/project/SummerCamp2020_group1,projectpage,プロジェクトぺーじ,（Projectページはリンク切れです）,(No corresponding English project page available.),,
/ja/project/SummerCamp2020_group2,projectpage,プロジェクトぺーじ,（Projectページはリンク切れです）,(No corresponding English project page available.),,
/ja/project/SummerCamp2020_group3,projectpage,プロジェクトぺーじ,（Projectページはリンク切れです）,(No corresponding English project page available.),,
/ja/project/SummerCamp2020_group4,projectpage,プロジェクトぺーじ,（Projectページはリンク切れです）,(No corresponding English project page available.),,
/ja/project/SummerCamp2021_group1,projectpage,プロジェクトぺーじ,（Projectページはリンク切れです）,(No corresponding English project page available.),,
/ja/project/SummerCamp2021_group2,projectpage,プロジェクトぺーじ,（Projectページはリンク切れです）,(No corresponding English project page available.),,
/ja/project/SummerCamp2021_group3,projectpage,プロジェクトぺーじ,（Projectページはリンク切れです）,(No corresponding English project page available.),,
/ja/project/SummerCamp2022_group1,projectpage,プロジェクトぺーじ,（Projectページはリンク切れです）,(No corresponding English project page available.),,
/ja/project/SummerCamp2022_group2,projectpage,プロジェクトぺーじ,（Projectページはリンク切れです）,(No corresponding English project page available.),,
/ja/project/SummerCamp2022_group3,projectpage,プロジェクトぺーじ,（Projectページはリンク切れです）,(No corresponding English project page available.),,
/ja/project/SummerCamp2022_group4,projectpage,プロジェクトぺーじ,（Projectページはリンク切れです）,(No corresponding English project page available.),,
/ja/project/SummerCamp2022_group5,projectpage,プロジェクトぺーじ,（Projectページはリンク切れです）,(No corresponding English project page available.),,
/ja/project/SummerCamp20231,projectpage,プロジェクトぺーじ,（Projectページはリンク切れです）,(No corresponding English project page available.),,
/ja/project/SummerCamp20232,projectpage,プロジェクトぺーじ,（Projectページはリンク切れです）,(No corresponding English project page available.),,
/ja/project/contest2024-si2024-0109,projectpage,プロジェクトぺーじ,（Projectページはリンク切れです）,(No corresponding English project page available.),,
/ja/project/contest2024-si2024-0575,projectpage,プロジェクトぺーじ,（Projectページはリンク切れです）,(No corresponding English project page available.),,
/ja/project/contest2024-si2024-0576,projectpage,プロジェクトぺーじ,（Projectページはリンク切れです）,(No corresponding English project page available.),,
/ja/project/contest2024-si2024-0741,projectpage,プロジェクトぺーじ,（Projectページはリンク切れです）,(No corresponding English project page available.),,
/ja/project/contest2024-si2024-1024,projectpage,プロジェクトぺーじ,（Projectページはリンク切れです）,(No corresponding English project page available.),,
/ja/project/contest2025-si2025-0026,projectpage,プロジェクトぺーじ,（Projectページはリンク切れです）,(No corresponding English project page available.),,
/ja/project/contest2025-si2025-0048,projectpage,プロジェクトぺーじ,（Projectページはリンク切れです）,(No corresponding English project page available.),,
/ja/project/contest2025-si2025-1059,projectpage,プロジェクトぺーじ,（Projectページはリンク切れです）,(No corresponding English project page available.),,
/ja/project/contest2025-si2025-1336,projectpage,プロジェクトぺーじ,（Projectページはリンク切れです）,(No corresponding English project page available.),,
/ja/project/summercamp20241,projectpage,プロジェクトぺーじ,（Projectページはリンク切れです）,(No corresponding English project page available.),,
/ja/project/summercamp20242,projectpage,プロジェクトぺーじ,（Projectページはリンク切れです）,(No corresponding English project page available.),,
/ja/project/summercamp20243,projectpage,プロジェクトぺーじ,（Projectページはリンク切れです）,(No corresponding English project page available.),,
/ja/project/summercamp20244,projectpage,プロジェクトぺーじ,（Projectページはリンク切れです）,(No corresponding English project page available.),,
/ja/project/summercamp20251,projectpage,プロジェクトぺーじ,（Projectページはリンク切れです）,(No corresponding English project page available.),,
/ja/project/summercamp20252,projectpage,プロジェクトぺーじ,（Projectページはリンク切れです）,(No corresponding English project page available.),,
/ja/project/summercamp20253,projectpage,プロジェクトぺーじ,（Projectページはリンク切れです）,(No corresponding English project page available.),,
/ja/tutorial/bootcamp_meijo_2019,change,/tutorials/bootcamp_meijo_2019/,,,,
/ja/tutorial/bootcamp_waseda_2019,change,/tutorials/bootcamp_waseda_2019,,,,
/ja/tutorial/guidemap,change,/tutorial/guidemap,,,,
/ja/tutorial/robomech2020,change,/tutorials/robomech2020/,,,,
/ja/vs_install_2019,change,/doc/installation/install_1_2/cpp_1_2/install_windows_1_2/visual_studio_1_2/visual_studio_2022/,,,,
/node,no_link_page,リンクミス？,（リンク切れです）,(No corresponding page available.),,
/node/,no_link_page,リンクミス？,（リンク切れです）,(No corresponding page available.),,
/node/116,change,/download/openrtm-aist-cpp/,,,,
/node/117,change,/download/openrtm-aist-java/,,,,
/node/1190,change,/doc/faq/trouble_shooting/,,,,
/node/1377,change,/doc/installation/install_1_1/openrtm_eclipse_tools_1_1/about_eclipse_1_1,,,,
/node/159,change,/doc/casestudy/rtc_development/about_rtc_creation,,,,
/node/248,change,/doc/faq/faq_rtp_tools,,,,
/node/275,no_link_page,メーリングリスト,（「メーリングリスト」のページはリンク切れです）,(No corresponding page available.),,
/node/281,change,/community/forum/,,,,
/node/4569,change,/content/content/rtmcontest_commentguide/,,,,
/node/4882,change,/doc/toolmanuals/rtsystemeditor-1_1_0/rtse-1_1_0_display,,,,
/node/5445,no_link_page,newsページへのリンク,（リンク切れです）,(No corresponding page available.),,
/node/6345,change,/doc/appendix/bulk_installation_script,,,,
/node/6401,change,/doc/toolmanuals/rtsystemeditor-1_2_0,,,,
/node/6613,change,/doc/installation/install_1_2/cpp_1_2/check_linux_1_2,,,,
/node/6621,change,/doc/installation/install_1_2/python_1_2/check_python_linux_1_2,,,,
/node/6628,change,/doc/installation/install_1_2/java_1_2/check_linux_java_1_2,,,,
/node/6633,change,/doc/installation/install_2_0/install_windows_2_0/check_windows_2_0/,,,,
/node/6654,change,/doc/installation/install_1_2/start_openrtp_linux_1_2/,,,,
/node/67,no_link_page,無し,（リンク切れです）,(No corresponding page available.),,
/node/676,change,/doc/installation/install_1_1/openrtm_eclipse_tools_1_1/,,,,
/node/68,no_link_page,無し,（リンク切れです）,(No corresponding page available.),,
/node/75,no_link_page,無し,（リンク切れです）,(No corresponding page available.),,
/node/752,change,/doc/casestudy/rtc_development/rtc_development_lego_mindstorm/,,,,
/node/753,change,/doc/casestudy/rtc_development/rtc_development_lego_mindstorm/midstorm_nxt_setup/,,,,
/node/76,no_link_page,無し,（リンク切れです）,(No corresponding page available.),,
/node/805,change,/doc/installation/install_1_1/java_1_1/tips_jdk/,,,,
/node/835,change,/doc/aboutopenrtm/rtmiddleware,,,,
/node/90,no_link_page,無し,（リンク切れです）,(No corresponding page available.),,
/node/941,no_link_page,無し,（リンク切れです）,(No corresponding page available.),,
http//www.adin.co.jp,change,http//adin.co.jp,,,,
http://openrtm.org,change,/,,,,
http://openrtm.org/,change,/,,,,
http://openrtm.org/doc/cxx/1.1.0/classreference_ja/index.html,keep,無し,,,,
http://openrtm.org/doc/cxx/1.1.2/classreference_ja/index.html,keep,無し,,,,
http://openrtm.org/doc/cxx/1.2.2/classreference_ja/index.html,keep,無し,,,,
http://openrtm.org/doc/cxx/2.0.2/classreference_ja/index.html,keep,無し,,,,
http://openrtm.org/doc/idl/1.0/idlreference_ja/index.html,keep,無し,,,,
http://openrtm.org/doc/idl/1.1/idlreference_ja/index.html,keep,無し,,,,
http://openrtm.org/doc/idl/1.2/idlreference_ja/index.html,keep,無し,,,,
http://openrtm.org/doc/idl/2.0/idlreference_ja/index.html,keep,無し,,,,
http://openrtm.org/doc/java/1.1.0/classreference_ja/index.html,keep,無し,,,,
http://openrtm.org/doc/java/1.1.2/classreference_ja/index.html,keep,無し,,,,
http://openrtm.org/doc/java/1.2.2/classreference_ja/index.html,keep,無し,,,,
http://openrtm.org/doc/java/2.0.2/classreference_ja/index.html,keep,無し,,,,
http://openrtm.org/doc/python/1.1.0/classreference_ja/index.html,keep,無し,,,,
http://openrtm.org/doc/python/1.1.2/classreference_ja/index.html,keep,無し,,,,
http://openrtm.org/doc/python/1.2.2/classreference_ja/index.html,keep,無し,,,,
http://openrtm.org/doc/python/2.0.2/classreference_ja/index.html,keep,無し,,,,
http://openrtm.org/openrtm/contact,no_link_page,無し,（リンク切れです）,(No corresponding page available.),,
http://openrtm.org/openrtm/ja/casestudy/lego_mindstorm_ev3,change,/doc/casestudy/lego_mindstorm/,,,,
http://openrtm.org/openrtm/ja/content/lets_start,no_link_page,無し（古）,（リンク切れです）,(No corresponding page available.),,
http://openrtm.org/openrtm/ja/content/openrtm-aist%E3%82%9210%E5%88%86%E3%81%A7%E5%A7%8B%E3%82%81%E3%82%88%E3%81%86%EF%BC%81,no_link_page,無し,（リンク切れです）,(No corresponding page available.),,
http://openrtm.org/openrtm/ja/content/openrtm-aist-c-111-release,change,/download/openrtm-aist-cpp/openrtm-aist-cpp_1_1_1_release/,,,,
http://openrtm.org/openrtm/ja/content/openrtm-aist-python-110-release,change,/download/openrtm-aist-python/openrtm-aist-python_1_1_0_release/,,,,
http://openrtm.org/openrtm/ja/content/openrtp_plugin_update,change,/doc/toolmanuals/rtcbuilder-1_1_0/update_rtcb_1_1_0/,,,,
http://openrtm.org/openrtm/ja/content/raspberry_pi_mouse,change,/doc/casestudy/raspberrypi_mouse/,,,,
http://openrtm.org/openrtm/ja/content/raspberrypi-openrtm-tutorial,change,/doc/installation/other/raspberrypi_casestudy/,,,,
http://openrtm.org/openrtm/ja/content/raspberrypi_sdcard,change,/doc/installation/other/raspberrypi_casestudy/prep_sdc/,,,,
http://openrtm.org/openrtm/ja/content/rtm-install-check-script,change,/doc/installation/install_1_1/cpp_1_1/install_windows_1_1/windows_install_test_bat/,,,,
http://openrtm.org/openrtm/ja/content/tool_trouble_shooting_ja,change,/doc/faq/faq_rtp_tools/,,,,
http://openrtm.org/openrtm/ja/content/vc_version_changer,change,/content/vc_version_changer,,,,
http://openrtm.org/openrtm/ja/content/windows%E3%81%B8%E3%81%AE%E3%82%A4%E3%83%B3%E3%82%B9%E3%83%88%E3%83%BC%E3%83%AB-0,change,/doc/installation/install_1_1/python_1_1/install_windows_python_1_1/,,,,
http://openrtm.org/openrtm/ja/content/windows%E3%81%B8%E3%81%AE%E3%82%A4%E3%83%B3%E3%82%B9%E3%83%88%E3%83%BC%E3%83%AB-1,change,/doc/installation/install_1_1/java_1_1/install_windows_java_1_1/,,,,
http://openrtm.org/openrtm/ja/download/openrtp/openrtp-110-rc5-ja,change,/download/tools/openrtp_1_1_0_rc5/,,,,
http://openrtm.org/openrtm/ja/node/1323,no_link_page,古いぺーじ（rtctree/rtsprofile）,,,,
http://openrtm.org/openrtm/ja/node/1553,projectpage,プロジェクト作成,（Projectページ（作成方法）はリンク切れです）,(No corresponding English project page (How to Create) available.),,
http://openrtm.org/openrtm/ja/node/1554,projectpage,プロジェクトの登録方法,（Projectページ（登録方法）はリンク切れです）,(No corresponding English project page (How to Register) available.),,
/ja/node/1554,projectpage,プロジェクトの登録方法,（Projectページ（登録方法）はリンク切れです）,(No corresponding English project page (How to Register) available.),,
http://openrtm.org/openrtm/ja/node/266,change,/doc/installation/other/raspberrypi_casestudy/raspi_init_setting/,,,,
http://openrtm.org/openrtm/ja/node/266/,change,/doc/installation/other/raspberrypi_casestudy/raspi_init_setting/,,,,
http://openrtm.org/openrtm/ja/node/273,change,/doc/installation/other/raspberrypi_casestudy/control_mobilerobot_kabuki/,,,,
http://openrtm.org/openrtm/ja/node/4557,no_link_page,古いぺーじ（OpenRTM Eclipse tools 1.1.0-RC2）,,,,
http://openrtm.org/openrtm/ja/node/5286,no_link_page,"古いぺーじ（OpenRTM-aist-1.1-RELEASE, rtmtools-1.1.0-RC5, CMake, VC2010）",,,,
http://openrtm.org/openrtm/ja/node/6026,change,/doc/installation/install_1_1/cpp_1_1/install_windows_1_1/quick_start_1_1_2,,,,
http://openrtm.org/openrtm/ja/node/6034,change,/download/openrtm-aist-cpp/openrtm-aist-cpp_1_1_2_release,,,,
http://openrtm.org/openrtm/ja/node/6345,change,/doc/appendix/bulk_installation_script,,,,
http://openrtm.org/openrtm/ja/node/637,change,/doc/installation/other/raspberrypi_casestudy/io_programming_pirt-unit/,,,,
http://openrtm.org/openrtm/ja/node/869,no_link_page,ダウンロードぺーじ・rtshellインストーラなどでインストールされる為、ダウンロードページは不要。,,,,
http://openrtm.org/openrtm/ja/project/Recommendation_CommonIF,projectpage,プロジェクトぺーじ,（Projectページはリンク切れです）,(No corresponding English project page available.),,
http://openrtm.org/openrtm/ja/project/contest2013_1B2-4,projectpage,プロジェクトぺーじ,（Projectページはリンク切れです）,(No corresponding English project page available.),,
http://openrtm.org/openrtm/ja/project/contest2014_9,projectpage,プロジェクトぺーじ,（Projectページはリンク切れです）,(No corresponding English project page available.),,
http://openrtm.org/openrtm/ja/project/projects_ja,no_link_page,無し,（「プロジェクトページとは」のページはリンク切れです）,(No corresponding page available.),,
http://openrtm.org/openrtm/ja/tutorial/guidemap,change,/tutorial/guidemap,,,,
http://openrtm.org/openrtm/ja/user/register,no_link_page,無し,（リンク切れです）,(No corresponding page available.),,
http://openrtm.org/openrtm/node/4526,change,/download/openrtm-aist-python/openrtm-aist-python_1_1_0_rc1/,,,,
http://openrtm.org/openrtm/sites/default/files/248/ExternalManifestON.reg,keep,無し,,,,
http://openrtm.org/openrtm/sites/default/files/Automobile_Interface1.0.zip,keep,無し,,,,
http://openrtm.org/pub/Linux/ubuntu/dists/trusty/main/binary-amd64/imageprocessing-1.1.0.deb,no_link_page,無し,（リンク切れです）,(No corresponding page available.),,
http://openrtm.org/pub/OpenRTM-aist/ROBOMEC2015/part3_0/robomec2015_openrtm_tutorial_part3.zip,no_link_page,無し,（リンク切れです）,(No corresponding page available.),,
http://openrtm.org/pub/OpenRTM-aist/cxx/1.1.1/OpenRTM-aist-1.1.1-win32.zip,keep,無し,,,,
http://openrtm.org/pub/OpenRTM-aist/cxx/1.1.1/OpenRTM-aist-1.1.1.tar.bz2,keep,無し,,,,
http://openrtm.org/pub/OpenRTM-aist/cxx/1.1.1/OpenRTM-aist-1.1.1.tar.gz,keep,無し,,,,
http://openrtm.org/pub/OpenRTM-aist/cxx/1.1.2/OpenRTM-aist-1.1.2-win32.zip,keep,無し,,,,
http://openrtm.org/pub/OpenRTM-aist/cxx/1.1.2/OpenRTM-aist-1.1.2.tar.bz2,keep,無し,,,,
http://openrtm.org/pub/OpenRTM-aist/cxx/1.1.2/OpenRTM-aist-1.1.2.tar.gz,keep,無し,,,,
http://openrtm.org/pub/OpenRTM-aist/java/1.1.0/OpenRTM-aist-Java-1.1.0-RELEASE-jar.zip,keep,無し,,,,
http://openrtm.org/pub/OpenRTM-aist/java/1.1.0/OpenRTM-aist-Java-1.1.0-RELEASE.tar.gz,keep,無し,,,,
http://openrtm.org/pub/OpenRTM-aist/python/1.1.0/OpenRTM-aist-Python-1.1.0-RELEASE.tar.gz,no_link_page,無し,（リンク切れです）,(No corresponding page available.),,
http://openrtm.org/pub/OpenRTM-aist/python/1.1.0/OpenRTM-aist-Python-1.1.0-RELEASE.zip,no_link_page,無し,（リンク切れです）,(No corresponding page available.),,
http://openrtm.org/pub/OpenRTM-aist/python/1.1.2/OpenRTM-aist-Python-1.1.2.tar.gz,keep,無し,,,,
http://openrtm.org/pub/OpenRTM-aist/python/1.1.2/OpenRTM-aist-Python-1.1.2.zip,keep,無し,,,,
http://openrtm.org/pub/Windows/OpenRTM-aist/1.1/OpenRTM-aist-1.1.2-RELEASE_x86.msi,keep,無し,,,,
http://openrtm.org/pub/Windows/OpenRTM-aist/1.1/OpenRTM-aist-1.1.2-RELEASE_x86_64.msi,keep,無し,,,,
http://openrtm.org/pub/Windows/OpenRTM-aist/cxx/1.1/OpenRTM-aist-1.1.1-RELEASE_x86_64_vc10.msi,keep,無し,,,,
http://openrtm.org/pub/Windows/OpenRTM-aist/cxx/1.1/OpenRTM-aist-1.1.1-RELEASE_x86_64_vc11.msi,keep,無し,,,,
http://openrtm.org/pub/Windows/OpenRTM-aist/cxx/1.1/OpenRTM-aist-1.1.1-RELEASE_x86_64_vc12.msi,keep,無し,,,,
http://openrtm.org/pub/Windows/OpenRTM-aist/cxx/1.1/OpenRTM-aist-1.1.1-RELEASE_x86_vc10.msi,keep,無し,,,,
http://openrtm.org/pub/Windows/OpenRTM-aist/cxx/1.1/OpenRTM-aist-1.1.1-RELEASE_x86_vc11.msi,keep,無し,,,,
http://openrtm.org/pub/Windows/OpenRTM-aist/cxx/1.1/OpenRTM-aist-1.1.1-RELEASE_x86_vc12.msi,keep,無し,,,,
http://openrtm.org/pub/Windows/OpenRTM-aist/cxx/1.1/OpenRTM-aist-1.1.1-RELEASE_x86_vc9.msi,keep,無し,,,,
http://openrtm.org/pub/Windows/OpenRTM-aist/java/OpenRTM-aist-Java_1.1.0-RELEASE_x86.msi,keep,無し,,,,
http://openrtm.org/pub/Windows/OpenRTM-aist/java/OpenRTM-aist-Java_1.1.0-RELEASE_x86_64.msi,keep,無し,,,,
http://openrtm.org/pub/Windows/OpenRTM-aist/python/OpenRTM-aist-Python_1.1.0-RELEASE_x86.msi,keep,無し,,,,
http://openrtm.org/pub/Windows/OpenRTM-aist/python/OpenRTM-aist-Python_1.1.0-RELEASE_x86_64.msi,keep,無し,,,,
http://openrtm.org/pub/Windows/OpenRTM-aist/tools/OpenRTMEnvTool_vc10.exe,keep,無し,,,,
http://openrtm.org/pub/Windows/OpenRTM-aist/tools/OpenRTMEnvTool_vc12.exe,keep,無し,,,,
http://openrtm.org/pub/omniORB/win32/,keep,無し,,,,
http://openrtm.org/pub/omniORB/win32/omniORB-4.1.7/,keep,無し,,,,
http://openrtm.org/pub/omniORB/win32/omniORB-4.2.2/,keep,無し,,,,
http://openrtm.org/pub/openrtp/openrtp/1.1.0.rc5v20150317/openrtp-1.1.0.rc5v20150317.zip,keep,無し,,,,
http://openrtm.org/pub/openrtp/openrtp/1.1.2v20160526/openrtp-1.1.2v20160526.zip,keep,無し,,,,
http://openrtm.org/pub/openrtp/packages/1.1.0.rc4v20130216/eclipse381-openrtp110rc4v20130216-ja-win32.zip,no_link_page,無し,（リンク切れです）,(No corresponding page available.),,
http://openrtm.org/pub/openrtp/packages/1.1.0.rc5v20151111/eclipse381-openrtp110rc5v20151111-ja-linux-gtk-x86_64.tar.gz,no_link_page,無し,（リンク切れです）,(No corresponding page available.),,
http://openrtm.org/pub/openrtp/packages/1.1.0.rc5v20151111/eclipse381-openrtp110rc5v20151111-ja-linux-gtk.tar.gz,no_link_page,無し,（リンク切れです）,(No corresponding page available.),,
http://openrtm.org/pub/openrtp/packages/1.1.0.rc5v20151111/eclipse381-openrtp110rc5v20151111-ja-macosx-cocoa-x86_64.tar.gz,no_link_page,無し,（リンク切れです）,(No corresponding page available.),,
http://openrtm.org/pub/openrtp/packages/1.1.0.rc5v20151111/eclipse381-openrtp110rc5v20151111-ja-macosx-cocoa.tar.gz,no_link_page,無し,（リンク切れです）,(No corresponding page available.),,
http://openrtm.org/pub/openrtp/packages/1.1.0.rc5v20151111/eclipse381-openrtp110rc5v20151111-ja-win32.zip,no_link_page,無し,（リンク切れです）,(No corresponding page available.),,
http://openrtm.org/pub/openrtp/packages/1.1.0.rc5v20151111/eclipse381-openrtp110rc5v20151111-linux-gtk-x86_64.tar.gz,no_link_page,無し,（リンク切れです）,(No corresponding page available.),,
http://openrtm.org/pub/openrtp/packages/1.1.0.rc5v20151111/eclipse381-openrtp110rc5v20151111-macosx-cocoa-x86_64.tar.gz,no_link_page,無し,（リンク切れです）,(No corresponding page available.),,
http://openrtm.org/pub/openrtp/packages/1.1.0.rc5v20151111/eclipse381-openrtp110rc5v20151111-macosx-cocoa.tar.gz,no_link_page,無し,（リンク切れです）,(No corresponding page available.),,
http://openrtm.org/pub/openrtp/packages/1.1.0.rc5v20151111/eclipse381-openrtp110rc5v20151111-win32-x86_64.zip,no_link_page,無し,（リンク切れです）,(No corresponding page available.),,
http://openrtm.org/pub/openrtp/packages/1.1.0.rc5v20151111/eclipse381-openrtp110rc5v20151111-win32.zip,no_link_page,無し,（リンク切れです）,(No corresponding page available.),,
http://openrtm.org/pub/openrtp/packages/1.1.2.v20160526/eclipse442-openrtp112v20160526-ja-linux-gtk-x86_64.tar.gz,keep,無し,,,,
http://openrtm.org/pub/openrtp/packages/1.1.2.v20160526/eclipse442-openrtp112v20160526-ja-linux-gtk.tar.gz,keep,無し,,,,
http://openrtm.org/pub/openrtp/packages/1.1.2.v20160526/eclipse442-openrtp112v20160526-ja-macosx-cocoa-x86_64.tar.gz,keep,無し,,,,
http://openrtm.org/pub/openrtp/packages/1.1.2.v20160526/eclipse442-openrtp112v20160526-ja-macosx-cocoa.tar.gz,keep,無し,,,,
http://openrtm.org/pub/openrtp/packages/1.1.2.v20160526/eclipse442-openrtp112v20160526-ja-win32-x86_64.zip,keep,無し,,,,
http://openrtm.org/pub/openrtp/packages/1.1.2.v20160526/eclipse442-openrtp112v20160526-ja-win32.zip,keep,無し,,,,
http://openrtm.org/pub/openrtp/packages/1.1.2.v20160526/eclipse442-openrtp112v20160526-linux-gtk-x86_64.tar.gz,keep,無し,,,,
http://openrtm.org/pub/openrtp/packages/1.1.2.v20160526/eclipse442-openrtp112v20160526-linux-gtk.tar.gz,keep,無し,,,,
http://openrtm.org/pub/openrtp/packages/1.1.2.v20160526/eclipse442-openrtp112v20160526-macosx-cocoa-x86_64.tar.gz,keep,無し,,,,
http://openrtm.org/pub/openrtp/packages/1.1.2.v20160526/eclipse442-openrtp112v20160526-macosx-cocoa.tar.gz,keep,無し,,,,
http://openrtm.org/pub/openrtp/packages/1.1.2.v20160526/eclipse442-openrtp112v20160526-win32-x86_64.zip,keep,無し,,,,
http://openrtm.org/pub/openrtp/packages/1.1.2.v20160526/eclipse442-openrtp112v20160526-win32.zip,keep,無し,,,,
http://openrtm.org/pub/openrtp/stable/updates/,no_link_page,無し,（リンク切れです）,(No corresponding page available.),,
http://www.openrtm.org/OpenRTM-aist/download/IREX2009/OpenCV_RTC-1.0_vc9_jp.msi,no_link_page,無し,（リンク切れです）,(No corresponding page available.),,
http://www.openrtm.org/OpenRTM-aist/download/IREX2009/eclipse.zip_,no_link_page,無し,（リンク切れです）,(No corresponding page available.),,
http://www.openrtm.org/OpenRTM-aist/download/KURO-BOX/debian_2006_06_10_dist.tgz,no_link_page,無し,（リンク切れです）,(No corresponding page available.),,
http://www.openrtm.org/OpenRTM-aist/download/KURO-BOX/image.zip,no_link_page,無し,（リンク切れです）,(No corresponding page available.),,
http://www.openrtm.org/OpenRTM-aist/download/KURO-BOX/install_debian.txt,no_link_page,無し,（リンク切れです）,(No corresponding page available.),,
http://www.openrtm.org/OpenRTM-aist/download/KURO-BOX/install_debian_standalone.txt,no_link_page,無し,（リンク切れです）,(No corresponding page available.),,
http://www.openrtm.org/OpenRTM-aist/download/PatternWeaverCE22iforRTM.EXE,no_link_page,無し,（リンク切れです）,(No corresponding page available.),,
http://www.openrtm.org/OpenRTM-aist/download/ROBOMEC2009/Flip.zip_,no_link_page,無し,（リンク切れです）,(No corresponding page available.),,
http://www.openrtm.org/OpenRTM-aist/download/ROBOMEC2009/ObjectTracking.zip_,no_link_page,無し,（リンク切れです）,(No corresponding page available.),,
http://www.openrtm.org/OpenRTM-aist/download/ROBOMEC2009/OpenCV_RTC-1.0_vc9_jp.msi,no_link_page,無し,（リンク切れです）,(No corresponding page available.),,
http://www.openrtm.org/OpenRTM-aist/download/ROBOMEC2009/user_config.vsprops,no_link_page,無し,（リンク切れです）,(No corresponding page available.),,
http://www.openrtm.org/OpenRTM-aist/download/ROBOMEC2010/Flip.zip_,no_link_page,無し,（リンク切れです）,(No corresponding page available.),,
http://www.openrtm.org/OpenRTM-aist/download/ROBOMEC2010/configsample.conf,no_link_page,無し,（リンク切れです）,(No corresponding page available.),,
http://www.openrtm.org/OpenRTM-aist/download/ROBOMEC2010/rtc.conf,no_link_page,無し,（リンク切れです）,(No corresponding page available.),,
http://www.openrtm.org/OpenRTM-aist/download/ROBOMEC2010/user_config.vsprops,no_link_page,無し,（リンク切れです）,(No corresponding page available.),,
http://www.openrtm.org/OpenRTM-aist/download/RTMSC2011/RTC.xml,no_link_page,無し,（リンク切れです）,(No corresponding page available.),,
http://www.openrtm.org/OpenRTM-aist/download/RTMTutorial201107/OpenRTM-aist-1.1.0-RC3_vc9.msi,no_link_page,無し,（リンク切れです）,(No corresponding page available.),,
http://www.openrtm.org/OpenRTM-aist/download/RTMTutorial201107/cmake-2.8-WiX-patch.zip,no_link_page,無し,（リンク切れです）,(No corresponding page available.),,
http://www.openrtm.org/OpenRTM-aist/download/RTMTutorial201107/eclipse342_rtmtools110-rc2_win32_ja.zip,no_link_page,無し,（リンク切れです）,(No corresponding page available.),,
http://www.openrtm.org/OpenRTM-aist/download/SC2010/MRCConvertor.zip,no_link_page,無し,（リンク切れです）,(No corresponding page available.),,
http://www.openrtm.org/OpenRTM-aist/download/SC2010/NXTBlueTooth.zip,no_link_page,無し,（リンク切れです）,(No corresponding page available.),,
http://www.openrtm.org/OpenRTM-aist/download/install_scripts/,no_link_page,無し,（リンク切れです）,(No corresponding page available.),,
http://www.openrtm.org/OpenRTM-aist/download/resume/080820/NXT_Python-0.7.win32-py2.5.exe,no_link_page,無し,（リンク切れです）,(No corresponding page available.),,
http://www.openrtm.org/OpenRTM-aist/download/resume/080820/ScienceCamp.zip,no_link_page,無し,（リンク切れです）,(No corresponding page available.),,
http://www.openrtm.org/OpenRTM-aist/download/resume/080820/libusb-win32-filter-bin-0.1.12.1.exe,no_link_page,無し,（リンク切れです）,(No corresponding page available.),,
http://www.openrtm.org/OpenRTM-aist/download/resume/080820/nxt_python-0.7.zip,no_link_page,無し,（リンク切れです）,(No corresponding page available.),,
http://www.openrtm.org/OpenRTM-aist/download/resume/080820/pyusb-0.4.1.win32-py2.5.exe,no_link_page,無し,（リンク切れです）,(No corresponding page available.),,
http://www.openrtm.org/OpenRTM-aist/download/resume/090116/irii_seminar.pdf,no_link_page,無し,（リンク切れです）,(No corresponding page available.),,
http://www.openrtm.org/OpenRTM-aist/figs/OpenLab2008/pw_for_rtm.png,no_link_page,無し,（リンク切れです）,(No corresponding page available.),,
http://www.openrtm.org/OpenRTM-aist/figs/OpenLab2010/ARRTC_System.png,no_link_page,無し,（リンク切れです）,(No corresponding page available.),,
http://www.openrtm.org/OpenRTM-aist/figs/OpenLab2010/Adin.png,no_link_page,無し,（リンク切れです）,(No corresponding page available.),,
http://www.openrtm.org/OpenRTM-aist/figs/OpenLab2010/FTL.png,no_link_page,無し,（リンク切れです）,(No corresponding page available.),,
http://www.openrtm.org/OpenRTM-aist/figs/OpenLab2010/HashimotoLab.jpg,no_link_page,無し,（リンク切れです）,(No corresponding page available.),,
http://www.openrtm.org/OpenRTM-aist/figs/OpenLab2010/ITC_Architecture.png,no_link_page,無し,（リンク切れです）,(No corresponding page available.),,
http://www.openrtm.org/OpenRTM-aist/figs/OpenLab2010/ITC_ArmRTC.png,no_link_page,無し,（リンク切れです）,(No corresponding page available.),,
http://www.openrtm.org/OpenRTM-aist/figs/OpenLab2010/ITC_WiiRTC.png,no_link_page,無し,（リンク切れです）,(No corresponding page available.),,
http://www.openrtm.org/OpenRTM-aist/figs/OpenLab2010/InformationRobot-SEC.png,no_link_page,無し,（リンク切れです）,(No corresponding page available.),,
http://www.openrtm.org/OpenRTM-aist/figs/OpenLab2010/OpenCV.png,no_link_page,無し,（リンク切れです）,(No corresponding page available.),,
http://www.openrtm.org/OpenRTM-aist/figs/OpenLab2010/RTC-CANopen.png,no_link_page,無し,（リンク切れです）,(No corresponding page available.),,
http://www.openrtm.org/OpenRTM-aist/figs/OpenLab2010/RTUnit_Yasukawa.png,no_link_page,無し,（リンク切れです）,(No corresponding page available.),,
http://www.openrtm.org/OpenRTM-aist/figs/OpenLab2010/kunii_lab.png,no_link_page,無し,（リンク切れです）,(No corresponding page available.),,
http://www.openrtm.org/OpenRTM-aist/figs/OpenLab2010/revast1.png,no_link_page,無し,（リンク切れです）,(No corresponding page available.),,
http://www.openrtm.org/OpenRTM-aist/figs/OpenLab2010/revast2.png,no_link_page,無し,（リンク切れです）,(No corresponding page available.),,
http://www.openrtm.org/OpenRTM-aist/figs/OpenLab2010/rt_reuse_center.png,no_link_page,無し,（リンク切れです）,(No corresponding page available.),,
http://www.openrtm.org/OpenRTM-aist/figs/OpenLab2010/rt_reuse_platform.png,no_link_page,無し,（リンク切れです）,(No corresponding page available.),,
http://www.openrtm.org/OpenRTM-aist/figs/OpenLab2010/rtc_stage.jpg,no_link_page,無し,（リンク切れです）,(No corresponding page available.),,
http://www.openrtm.org/OpenRTM-aist/html/E382B3E383B3E3839DE383BCE3838DE383B3E38388/E5ADA6E7BF92E383BBE68EA8E8AB96E382B3E383B3E3839DE383BCE3838DE383B3E38388.html,no_link_page,無し,（リンク切れです）,(No corresponding page available.),,
http://www.openrtm.org/OpenRTM-aist/html/E38380E382A6E383B3E383ADE383BCE38389.html,no_link_page,無し,（リンク切れです）,(No corresponding page available.),,
http://www.openrtm.org/ScienceCamp09/ScienceCamp01-01.zip,no_link_page,無し,（リンク切れです）,(No corresponding page available.),,
http://www.openrtm.org/ScienceCamp09/ScienceCamp01-01/index.html,no_link_page,無し,（リンク切れです）,(No corresponding page available.),,
http://www.openrtm.org/ScienceCamp09/ScienceCamp02-01.zip,no_link_page,無し,（リンク切れです）,(No corresponding page available.),,
http://www.openrtm.org/ScienceCamp09/ScienceCamp02-01/index.html,no_link_page,無し,（リンク切れです）,(No corresponding page available.),,
http://www.openrtm.org/ScienceCamp09/ScienceCamp02-02.zip,no_link_page,無し,（リンク切れです）,(No corresponding page available.),,
http://www.openrtm.org/ScienceCamp09/ScienceCamp02-02/index.html,no_link_page,無し,（リンク切れです）,(No corresponding page available.),,
http://www.openrtm.org/ScienceCamp09/ScienceCamp03-01.zip,no_link_page,無し,（リンク切れです）,(No corresponding page available.),,
http://www.openrtm.org/ScienceCamp09/ScienceCamp03-01/index.html,no_link_page,無し,（リンク切れです）,(No corresponding page available.),,
http://www.openrtm.org/ScienceCamp09/ScienceCamp03-02.zip,no_link_page,無し,（リンク切れです）,(No corresponding page available.),,
http://www.openrtm.org/ScienceCamp09/ScienceCamp03-02/index.html,no_link_page,無し,（リンク切れです）,(No corresponding page available.),,
http://www.openrtm.org/ScienceCamp09/ScienceCamp03-03.zip,no_link_page,無し,（リンク切れです）,(No corresponding page available.),,
http://www.openrtm.org/ScienceCamp09/ScienceCamp03-03/index.html,no_link_page,無し,（リンク切れです）,(No corresponding page available.),,
http://www.openrtm.org/ScienceCamp09/ZentaiHappyou.zip,no_link_page,無し,（リンク切れです）,(No corresponding page available.),,
http://www.openrtm.org/openrtm/contests/2007,projectpage,プロジェクトぺーじ,（Projectページはリンク切れです）,(No corresponding English project page available.),,
http://www.openrtm.org/openrtm/contests/2008,projectpage,プロジェクトぺーじ,（Projectページはリンク切れです）,(No corresponding English project page available.),,
http://www.openrtm.org/openrtm/contests/2009,projectpage,プロジェクトぺーじ,（Projectページはリンク切れです）,(No corresponding English project page available.),,
http://www.openrtm.org/openrtm/contests/2010,projectpage,プロジェクトぺーじ,（Projectページはリンク切れです）,(No corresponding English project page available.),,
http://www.openrtm.org/openrtm/contests/2011,projectpage,プロジェクトぺーじ,（Projectページはリンク切れです）,(No corresponding English project page available.),,
http://www.openrtm.org/openrtm/contests/2012,projectpage,プロジェクトぺーじ,（Projectページはリンク切れです）,(No corresponding English project page available.),,
http://www.openrtm.org/openrtm/contests/2013,projectpage,プロジェクトぺーじ,（Projectページはリンク切れです）,(No corresponding English project page available.),,
http://www.openrtm.org/openrtm/contests/2014,projectpage,プロジェクトぺーじ,（Projectページはリンク切れです）,(No corresponding English project page available.),,
http://www.openrtm.org/openrtm/contests/2015,projectpage,プロジェクトぺーじ,（Projectページはリンク切れです）,(No corresponding English project page available.),,
http://www.openrtm.org/openrtm/contests/2016,projectpage,プロジェクトぺーじ,（Projectページはリンク切れです）,(No corresponding English project page available.),,
http://www.openrtm.org/openrtm/contests/2017,projectpage,プロジェクトぺーじ,（Projectページはリンク切れです）,(No corresponding English project page available.),,
http://www.openrtm.org/openrtm/contests/2018,projectpage,プロジェクトぺーじ,（Projectページはリンク切れです）,(No corresponding English project page available.),,
http://www.openrtm.org/openrtm/contests/2019,projectpage,プロジェクトぺーじ,（Projectページはリンク切れです）,(No corresponding English project page available.),,
http://www.openrtm.org/openrtm/contests/2020,projectpage,プロジェクトぺーじ,（Projectページはリンク切れです）,(No corresponding English project page available.),,
http://www.openrtm.org/openrtm/contests/2021,projectpage,プロジェクトぺーじ,（Projectページはリンク切れです）,(No corresponding English project page available.),,
http://www.openrtm.org/openrtm/contests/2022,projectpage,プロジェクトぺーじ,（Projectページはリンク切れです）,(No corresponding English project page available.),,
http://www.openrtm.org/openrtm/contests/2023,projectpage,プロジェクトぺーじ,（Projectページはリンク切れです）,(No corresponding English project page available.),,
http://www.openrtm.org/openrtm/contests/2024,projectpage,プロジェクトぺーじ,（Projectページはリンク切れです）,(No corresponding English project page available.),,
http://www.openrtm.org/openrtm/contests/2025,projectpage,プロジェクトぺーじ,（Projectページはリンク切れです）,(No corresponding English project page available.),,
http://www.openrtm.org/openrtm/ja/content/%E3%83%97%E3%83%AD%E3%82%B8%E3%82%A7%E3%82%AF%E3%83%88-0,no_link_page,無し,（リンク切れです）,(No corresponding page available.),,
http://www.openrtm.org/openrtm/ja/content/%E3%83%A1%E3%83%BC%E3%83%AA%E3%83%B3%E3%82%B0%E3%83%AA%E3%82%B9%E3%83%88-0,no_link_page,無し,（リンク切れです）,(No corresponding page available.),,
http://www.openrtm.org/openrtm/ja/content/openrtm-aist%E3%81%A8%E3%81%AF%EF%BC%9F,change,/doc/aboutopenrtm,,,,
http://www.openrtm.org/openrtm/ja/content/openrtm-aist-%E8%AB%B8%E5%85%83,change,/doc/aboutopenrtm/specification,,,,
http://www.openrtm.org/openrtm/ja/content/rt%E3%83%9F%E3%83%89%E3%83%AB%E3%82%A6%E3%82%A7%E3%82%A2,no_link_page,無し,（リンク切れです）,(No corresponding page available.),,
http://www.openrtm.org/openrtm/ja/content/rtcconf_reference_ja,no_link_page,無し,（リンク切れです）,(No corresponding page available.),,
http://www.openrtm.org/openrtm/ja/content/rtmcontest2013,change,/content/content/rtmcontest2013,,,,
http://www.openrtm.org/openrtm/ja/content/rtmcontest2014,change,/content/content/rtmcontest2014,,,,
http://www.openrtm.org/openrtm/ja/content/rtmcontest2015,change,/content/content/rtmcontest2015,,,,
http://www.openrtm.org/openrtm/ja/content/rtmcontest2015-award,change,/content/content/rtmcontest2015-award,,,,
http://www.openrtm.org/openrtm/ja/content/rtmcontest2016,change,/content/content/rtmcontest2016,,,,
http://www.openrtm.org/openrtm/ja/content/simulator_rtc_raspbian_raspimouse,change,/doc/casestudy/raspberrypi_mouse/raspimouse_simulator_use,,,,
http://www.openrtm.org/openrtm/ja/news/business_award_160804_ja,no_link_page,無し,（リンク切れです）,(No corresponding page available.),,
http://www.openrtm.org/openrtm/ja/node/1005,change,/doc/toolmanuals/rtshell,,,,
http://www.openrtm.org/openrtm/ja/node/130,change,/tutorials/,,,,
http://www.openrtm.org/openrtm/ja/node/1546,projectpage,プロジェクトぺーじ,（Projectページはリンク切れです）,(No corresponding English project page available.),,
http://www.openrtm.org/openrtm/ja/node/1689,no_link_page,古いぺーじ,（リンク切れです）,(No corresponding page available.),,
http://www.openrtm.org/openrtm/ja/node/230,change,/content/content/,,,,
http://www.openrtm.org/openrtm/ja/node/275,no_link_page,メーリングリスト,（「メーリングリスト」のページはリンク切れです）,(No corresponding page (mailinglist) available.),,
http://www.openrtm.org/openrtm/ja/node/281,change,/community/forum/,,,,
http://www.openrtm.org/openrtm/ja/node/30,no_link_page,古いページ,（リンク切れです）,(No corresponding page available.),,
http://www.openrtm.org/openrtm/ja/node/3850,change,/content/content/rtmcontest2011/,,,,
http://www.openrtm.org/openrtm/ja/node/4569,change,/content/content/rtmcontest_commentguide/,,,,
http://www.openrtm.org/openrtm/ja/node/5012,change,/download/openrtm-aist-cpp/openrtm-aist-cpp_1_1_0_release/,,,,
http://www.openrtm.org/openrtm/ja/node/5013/,change,/doc/old_documents/install_rtshell,,,,
http://www.openrtm.org/openrtm/ja/node/5022,change,/doc/casestudy/opencv_comp_development/opencv_winxp_rtmtools_vc2010/,,,,
http://www.openrtm.org/openrtm/ja/node/5079,change,/content/content/rtmcontest2012/,,,,
http://www.openrtm.org/openrtm/ja/node/5116,projectpage,プロジェクトぺーじ,（Projectページはリンク切れです）,(No corresponding English project page available.),,
http://www.openrtm.org/openrtm/ja/node/5121,change,/content/content/rtmcontest_faq,,,,
http://www.openrtm.org/openrtm/ja/node/5173,projectpage,プロジェクトぺーじ,（Projectページはリンク切れです）,(No corresponding English project page available.),,
http://www.openrtm.org/openrtm/ja/node/5183,projectpage,プロジェクトぺーじ,（Projectページはリンク切れです）,(No corresponding English project page available.),,
http://www.openrtm.org/openrtm/ja/node/5184/,change,/content/content/rtmcontest2012_award/,,,,
http://www.openrtm.org/openrtm/ja/node/5188,projectpage,プロジェクトぺーじ,（Projectページはリンク切れです）,(No corresponding English project page available.),,
http://www.openrtm.org/openrtm/ja/node/5191,projectpage,プロジェクトぺーじ,（Projectページはリンク切れです）,(No corresponding English project page available.),,
http://www.openrtm.org/openrtm/ja/node/5194,projectpage,プロジェクトぺーじ,（Projectページはリンク切れです）,(No corresponding English project page available.),,
http://www.openrtm.org/openrtm/ja/node/5196,projectpage,プロジェクトぺーじ,（Projectページはリンク切れです）,(No corresponding English project page available.),,
http://www.openrtm.org/openrtm/ja/node/5197,projectpage,プロジェクトぺーじ,（Projectページはリンク切れです）,(No corresponding English project page available.),,
http://www.openrtm.org/openrtm/ja/node/5198,projectpage,プロジェクトぺーじ,（Projectページはリンク切れです）,(No corresponding English project page available.),,
http://www.openrtm.org/openrtm/ja/node/5199,projectpage,プロジェクトぺーじ,（Projectページはリンク切れです）,(No corresponding English project page available.),,
http://www.openrtm.org/openrtm/ja/node/5200/,projectpage,プロジェクトぺーじ,（Projectページはリンク切れです）,(No corresponding English project page available.),,
http://www.openrtm.org/openrtm/ja/node/5201,no_link_page,無し,（リンク切れです）,(No corresponding page available.),,
http://www.openrtm.org/openrtm/ja/node/5202,no_link_page,無し,（リンク切れです）,(No corresponding page available.),,
http://www.openrtm.org/openrtm/ja/node/5203,projectpage,プロジェクトぺーじ,（Projectページはリンク切れです）,(No corresponding English project page available.),,
http://www.openrtm.org/openrtm/ja/node/5204,projectpage,プロジェクトぺーじ,（Projectページはリンク切れです）,(No corresponding English project page available.),,
http://www.openrtm.org/openrtm/ja/node/5205,projectpage,プロジェクトぺーじ,（Projectページはリンク切れです）,(No corresponding English project page available.),,
http://www.openrtm.org/openrtm/ja/node/5208,projectpage,プロジェクトぺーじ,（Projectページはリンク切れです）,(No corresponding English project page available.),,
http://www.openrtm.org/openrtm/ja/node/5406/,change,/content/content/rtmcontest2013-award/,,,,
http://www.openrtm.org/openrtm/ja/node/5586,change,/tutorials/robomech2014/,,,,
http://www.openrtm.org/openrtm/ja/node/6057,change,/doc/casestudy/opencv_comp_development/opencv_win81_vs2015,,,,
http://www.openrtm.org/openrtm/ja/node/850,no_link_page,古いlets startページ,（リンク切れです）,(No corresponding page available.),,
http://www.openrtm.org/openrtm/ja/node/add/project-issue,no_link_page,無し,（リンク切れです）,(No corresponding page available.),,
http://www.openrtm.org/openrtm/ja/project/contest2013_1B1-2,projectpage,プロジェクトぺーじ,（Projectページはリンク切れです）,(No corresponding English project page available.),,
http://www.openrtm.org/openrtm/ja/project/contest2013_1B1-3,projectpage,プロジェクトぺーじ,（Projectページはリンク切れです）,(No corresponding English project page available.),,
http://www.openrtm.org/openrtm/ja/project/contest2013_1B1-4,projectpage,プロジェクトぺーじ,（Projectページはリンク切れです）,(No corresponding English project page available.),,
http://www.openrtm.org/openrtm/ja/project/contest2013_1B1-5,projectpage,プロジェクトぺーじ,（Projectページはリンク切れです）,(No corresponding English project page available.),,
http://www.openrtm.org/openrtm/ja/project/contest2013_1B1-6,projectpage,プロジェクトぺーじ,（Projectページはリンク切れです）,(No corresponding English project page available.),,
http://www.openrtm.org/openrtm/ja/project/contest2013_1B2-1,projectpage,プロジェクトぺーじ,（Projectページはリンク切れです）,(No corresponding English project page available.),,
http://www.openrtm.org/openrtm/ja/project/contest2013_1B2-2,projectpage,プロジェクトぺーじ,（Projectページはリンク切れです）,(No corresponding English project page available.),,
http://www.openrtm.org/openrtm/ja/project/contest2013_1B2-3,projectpage,プロジェクトぺーじ,（Projectページはリンク切れです）,(No corresponding English project page available.),,
http://www.openrtm.org/openrtm/ja/project/contest2013_1B2-5,projectpage,プロジェクトぺーじ,（Projectページはリンク切れです）,(No corresponding English project page available.),,
http://www.openrtm.org/openrtm/ja/project/contest2013_1B2-6,projectpage,プロジェクトぺーじ,（Projectページはリンク切れです）,(No corresponding English project page available.),,
http://www.openrtm.org/openrtm/ja/project/contest2013_1B3-1,projectpage,プロジェクトぺーじ,（Projectページはリンク切れです）,(No corresponding English project page available.),,
http://www.openrtm.org/openrtm/ja/project/contest2013_1B3-2,projectpage,プロジェクトぺーじ,（Projectページはリンク切れです）,(No corresponding English project page available.),,
http://www.openrtm.org/openrtm/ja/project/contest2013_1B3-3,projectpage,プロジェクトぺーじ,（Projectページはリンク切れです）,(No corresponding English project page available.),,
http://www.openrtm.org/openrtm/ja/project/contest2013_1B3-4,projectpage,プロジェクトぺーじ,（Projectページはリンク切れです）,(No corresponding English project page available.),,
http://www.openrtm.org/openrtm/ja/project/contest2013_1B3-5,projectpage,プロジェクトぺーじ,（Projectページはリンク切れです）,(No corresponding English project page available.),,
http://www.openrtm.org/openrtm/ja/project/contest2013_1B3-6,projectpage,プロジェクトぺーじ,（Projectページはリンク切れです）,(No corresponding English project page available.),,
http://www.openrtm.org/openrtm/ja/project/contest2013_1B4-1,projectpage,プロジェクトぺーじ,（Projectページはリンク切れです）,(No corresponding English project page available.),,
http://www.openrtm.org/openrtm/ja/project/contest2013_1B4-2,projectpage,プロジェクトぺーじ,（Projectページはリンク切れです）,(No corresponding English project page available.),,
http://www.openrtm.org/openrtm/ja/project/contest2013_1B4-3,projectpage,プロジェクトぺーじ,（Projectページはリンク切れです）,(No corresponding English project page available.),,
http://www.openrtm.org/openrtm/ja/project/contest2013_1B4-4,projectpage,プロジェクトぺーじ,（Projectページはリンク切れです）,(No corresponding English project page available.),,
http://www.openrtm.org/openrtm/ja/project/contest2013_1B4-5,projectpage,プロジェクトぺーじ,（Projectページはリンク切れです）,(No corresponding English project page available.),,
http://www.openrtm.org/openrtm/ja/project/contest2014_1,projectpage,プロジェクトぺーじ,（Projectページはリンク切れです）,(No corresponding English project page available.),,
http://www.openrtm.org/openrtm/ja/project/contest2014_10,projectpage,プロジェクトぺーじ,（Projectページはリンク切れです）,(No corresponding English project page available.),,
http://www.openrtm.org/openrtm/ja/project/contest2014_11,projectpage,プロジェクトぺーじ,（Projectページはリンク切れです）,(No corresponding English project page available.),,
http://www.openrtm.org/openrtm/ja/project/contest2014_12,projectpage,プロジェクトぺーじ,（Projectページはリンク切れです）,(No corresponding English project page available.),,
http://www.openrtm.org/openrtm/ja/project/contest2014_13,projectpage,プロジェクトぺーじ,（Projectページはリンク切れです）,(No corresponding English project page available.),,
http://www.openrtm.org/openrtm/ja/project/contest2014_14,projectpage,プロジェクトぺーじ,（Projectページはリンク切れです）,(No corresponding English project page available.),,
http://www.openrtm.org/openrtm/ja/project/contest2014_15,projectpage,プロジェクトぺーじ,（Projectページはリンク切れです）,(No corresponding English project page available.),プロジェクト一覧（2007コンテスト）,
http://www.openrtm.org/openrtm/ja/project/contest2014_16,projectpage,プロジェクトぺーじ,（Projectページはリンク切れです）,(No corresponding English project page available.),プロジェクト一覧（2008コンテスト）,
http://www.openrtm.org/openrtm/ja/project/contest2014_17,projectpage,プロジェクトぺーじ,（Projectページはリンク切れです）,(No corresponding English project page available.),プロジェクト一覧（2009コンテスト）,
http://www.openrtm.org/openrtm/ja/project/contest2014_18,projectpage,プロジェクトぺーじ,（Projectページはリンク切れです）,(No corresponding English project page available.),プロジェクト一覧（2010コンテスト）,
http://www.openrtm.org/openrtm/ja/project/contest2014_19,projectpage,プロジェクトぺーじ,（Projectページはリンク切れです）,(No corresponding English project page available.),プロジェクト一覧（2011コンテスト）,
http://www.openrtm.org/openrtm/ja/project/contest2014_2,projectpage,プロジェクトぺーじ,（Projectページはリンク切れです）,(No corresponding English project page available.),プロジェクト一覧（2012コンテスト）,
http://www.openrtm.org/openrtm/ja/project/contest2014_20,projectpage,プロジェクトぺーじ,（Projectページはリンク切れです）,(No corresponding English project page available.),プロジェクト一覧（2013コンテスト）,
http://www.openrtm.org/openrtm/ja/project/contest2014_21,projectpage,プロジェクトぺーじ,（Projectページはリンク切れです）,(No corresponding English project page available.),プロジェクト一覧（2014コンテスト）,
http://www.openrtm.org/openrtm/ja/project/contest2014_22,projectpage,プロジェクトぺーじ,（Projectページはリンク切れです）,(No corresponding English project page available.),プロジェクト一覧（2015コンテスト）,
http://www.openrtm.org/openrtm/ja/project/contest2014_4,projectpage,プロジェクトぺーじ,（Projectページはリンク切れです）,(No corresponding English project page available.),プロジェクト一覧（2016コンテスト）,
http://www.openrtm.org/openrtm/ja/project/contest2014_6,projectpage,プロジェクトぺーじ,（Projectページはリンク切れです）,(No corresponding English project page available.),プロジェクト一覧（2017コンテスト）,
http://www.openrtm.org/openrtm/ja/project/contest2014_7,projectpage,プロジェクトぺーじ,（Projectページはリンク切れです）,(No corresponding English project page available.),プロジェクト一覧（2018コンテスト）,
http://www.openrtm.org/openrtm/ja/project/contest2014_8,projectpage,プロジェクトぺーじ,（Projectページはリンク切れです）,(No corresponding English project page available.),プロジェクト一覧（2019コンテスト）,
http://www.openrtm.org/openrtm/ja/project/contest2015_01,projectpage,プロジェクトぺーじ,（Projectページはリンク切れです）,(No corresponding English project page available.),プロジェクト一覧（2020コンテスト）,
http://www.openrtm.org/openrtm/ja/project/contest2015_02,projectpage,プロジェクトぺーじ,（Projectページはリンク切れです）,(No corresponding English project page available.),プロジェクト一覧（2021コンテスト）,
http://www.openrtm.org/openrtm/ja/project/contest2015_03,projectpage,プロジェクトぺーじ,（Projectページはリンク切れです）,(No corresponding English project page available.),プロジェクト一覧（2022コンテスト）,
http://www.openrtm.org/openrtm/ja/project/contest2015_04,projectpage,プロジェクトぺーじ,（Projectページはリンク切れです）,(No corresponding English project page available.),プロジェクト一覧（2023コンテスト）,
http://www.openrtm.org/openrtm/ja/project/contest2015_05,projectpage,プロジェクトぺーじ,（Projectページはリンク切れです）,(No corresponding English project page available.),プロジェクト一覧（2024コンテスト）,
http://www.openrtm.org/openrtm/ja/project/contest2015_06,projectpage,プロジェクトぺーじ,（Projectページはリンク切れです）,(No corresponding English project page available.),プロジェクト一覧（2025コンテスト）,
http://www.openrtm.org/openrtm/ja/project/contest2015_07,projectpage,プロジェクトぺーじ,（Projectページはリンク切れです）,(No corresponding English project page available.),プロジェクト一覧,
http://www.openrtm.org/openrtm/ja/project/contest2015_08,projectpage,プロジェクトぺーじ,（Projectページはリンク切れです）,(No corresponding English project page available.),,
http://www.openrtm.org/openrtm/ja/project/contest2015_09,projectpage,プロジェクトぺーじ,（Projectページはリンク切れです）,(No corresponding English project page available.),,
http://www.openrtm.org/openrtm/ja/project/contest2015_10,projectpage,プロジェクトぺーじ,（Projectページはリンク切れです）,(No corresponding English project page available.),,
http://www.openrtm.org/openrtm/ja/project/contest2015_11,projectpage,プロジェクトぺーじ,（Projectページはリンク切れです）,(No corresponding English project page available.),,
http://www.openrtm.org/openrtm/ja/project/contest2015_12,projectpage,プロジェクトぺーじ,（Projectページはリンク切れです）,(No corresponding English project page available.),,
http://www.openrtm.org/openrtm/ja/project/contest2015_13,projectpage,プロジェクトぺーじ,（Projectページはリンク切れです）,(No corresponding English project page available.),,
http://www.openrtm.org/openrtm/ja/project/contest2015_14,projectpage,プロジェクトぺーじ,（Projectページはリンク切れです）,(No corresponding English project page available.),,
http://www.openrtm.org/openrtm/ja/project/contest2015_16,projectpage,プロジェクトぺーじ,（Projectページはリンク切れです）,(No corresponding English project page available.),,
http://www.openrtm.org/openrtm/ja/project/contest2015_18,projectpage,プロジェクトぺーじ,（Projectページはリンク切れです）,(No corresponding English project page available.),,
http://www.openrtm.org/openrtm/ja/project/contest2016_01,projectpage,プロジェクトぺーじ,（Projectページはリンク切れです）,(No corresponding English project page available.),,
http://www.openrtm.org/openrtm/ja/project/contest2016_02,projectpage,プロジェクトぺーじ,（Projectページはリンク切れです）,(No corresponding English project page available.),,
http://www.openrtm.org/openrtm/ja/project/contest2016_03,projectpage,プロジェクトぺーじ,（Projectページはリンク切れです）,(No corresponding English project page available.),,
http://www.openrtm.org/openrtm/ja/project/contest2016_04,projectpage,プロジェクトぺーじ,（Projectページはリンク切れです）,(No corresponding English project page available.),,
http://www.openrtm.org/openrtm/ja/project/contest2016_05,projectpage,プロジェクトぺーじ,（Projectページはリンク切れです）,(No corresponding English project page available.),,
http://www.openrtm.org/openrtm/ja/project/contest2016_06,projectpage,プロジェクトぺーじ,（Projectページはリンク切れです）,(No corresponding English project page available.),,
http://www.openrtm.org/openrtm/ja/project/contest2016_07,projectpage,プロジェクトぺーじ,（Projectページはリンク切れです）,(No corresponding English project page available.),,
http://www.openrtm.org/openrtm/ja/project/contest2016_08,projectpage,プロジェクトぺーじ,（Projectページはリンク切れです）,(No corresponding English project page available.),,
http://www.openrtm.org/openrtm/ja/project/contest2016_09,projectpage,プロジェクトぺーじ,（Projectページはリンク切れです）,(No corresponding English project page available.),,
http://www.openrtm.org/openrtm/ja/project/contest2016_10,projectpage,プロジェクトぺーじ,（Projectページはリンク切れです）,(No corresponding English project page available.),,
http://www.openrtm.org/openrtm/ja/project/contest2016_11,projectpage,プロジェクトぺーじ,（Projectページはリンク切れです）,(No corresponding English project page available.),,
http://www.openrtm.org/openrtm/ja/project/contest2016_12,projectpage,プロジェクトぺーじ,（Projectページはリンク切れです）,(No corresponding English project page available.),,
http://www.openrtm.org/openrtm/ja/project/contest2016_13,projectpage,プロジェクトぺーじ,（Projectページはリンク切れです）,(No corresponding English project page available.),,
http://www.openrtm.org/openrtm/ja/project/contest2017_01,projectpage,プロジェクトぺーじ,（Projectページはリンク切れです）,(No corresponding English project page available.),,
http://www.openrtm.org/openrtm/ja/project/contest2017_02,projectpage,プロジェクトぺーじ,（Projectページはリンク切れです）,(No corresponding English project page available.),,
http://www.openrtm.org/openrtm/ja/project/contest2017_03,projectpage,プロジェクトぺーじ,（Projectページはリンク切れです）,(No corresponding English project page available.),,
http://www.openrtm.org/openrtm/ja/project/contest2017_04,projectpage,プロジェクトぺーじ,（Projectページはリンク切れです）,(No corresponding English project page available.),,
http://www.openrtm.org/openrtm/ja/project/contest2017_05,projectpage,プロジェクトぺーじ,（Projectページはリンク切れです）,(No corresponding English project page available.),,
http://www.openrtm.org/openrtm/ja/project/contest2017_06,projectpage,プロジェクトぺーじ,（Projectページはリンク切れです）,(No corresponding English project page available.),,
http://www.openrtm.org/openrtm/ja/project/contest2017_07,projectpage,プロジェクトぺーじ,（Projectページはリンク切れです）,(No corresponding English project page available.),,
http://www.openrtm.org/openrtm/ja/project/contest2017_08,projectpage,プロジェクトぺーじ,（Projectページはリンク切れです）,(No corresponding English project page available.),,
http://www.openrtm.org/openrtm/ja/project/contest2017_09,projectpage,プロジェクトぺーじ,（Projectページはリンク切れです）,(No corresponding English project page available.),,
http://www.openrtm.org/openrtm/ja/project/contest2017_10,projectpage,プロジェクトぺーじ,（Projectページはリンク切れです）,(No corresponding English project page available.),,
http://www.openrtm.org/openrtm/ja/user/register,no_link_page,無し,（リンク切れです）,(No corresponding page available.),,
http://www.openrtm.org/openrtm/sites/default/files/158/OpenCVRTC-1.0.0.zip,change,./OpenCVRTC-1.0.0.zip,,,,
http://www.openrtm.org/openrtm/sites/default/files/5406/Award-win-ei.jpg,change,./Award-win-ei.jpg,,,,
http://www.openrtm.org/openrtm/sites/default/files/5627/HOTMOCK_AnalogKit.png,change,./HOTMOCK_AnalogKit.png,,,,
http://www.openrtm.org/openrtm/sites/default/files/5858/WinEle2015_01.jpg,change,./WinEle2015_01.jpg,,,,
http://www.openrtm.org/openrtm/sites/default/files/6131/LEGO.jpg,change,./LEGO.jpg,,,,
http://www.openrtm.org/openrtm/sites/default/files/RTMContest2015Banner.png,change,./RTMContest2015Banner.png,,,,
http://www.openrtm.org/openrtm/sites/default/files/rulehome2015.pdf,no_link_page,,（リンク切れです）,(No corresponding page available.),,
http://www.openrtm.org/pub/Linux/Fedora/releases/10/Fedora/i386/os/Packages/OpenRTM-aist-1.0/,no_link_page,,（リンク切れです）,(No corresponding page available.),,
http://www.openrtm.org/pub/Linux/Fedora/releases/10/Fedora/i386/os/Packages/OpenRTM-aist-Python-1.0/,no_link_page,,（リンク切れです）,(No corresponding page available.),,
http://www.openrtm.org/pub/Linux/Fedora/releases/10/Fedora/x86_64/os/Packages/OpenRTM-aist-1.0/,no_link_page,,（リンク切れです）,(No corresponding page available.),,
http://www.openrtm.org/pub/Linux/Fedora/releases/11/Fedora/i386/os/Packages/OpenRTM-aist-1.0/,no_link_page,,（リンク切れです）,(No corresponding page available.),,
http://www.openrtm.org/pub/Linux/Fedora/releases/11/Fedora/i386/os/Packages/OpenRTM-aist-Python-1.0/,no_link_page,,（リンク切れです）,(No corresponding page available.),,
http://www.openrtm.org/pub/Linux/Fedora/releases/11/Fedora/x86_64/os/Packages/OpenRTM-aist-1.0/,no_link_page,,（リンク切れです）,(No corresponding page available.),,
http://www.openrtm.org/pub/Linux/Fedora/releases/5/Fedora/i386/os/Packages/OpenRTM-aist-1.0/,no_link_page,,（リンク切れです）,(No corresponding page available.),,
http://www.openrtm.org/pub/Linux/Fedora/releases/5/Fedora/x86_64/os/Packages/OpenRTM-aist-1.0/,no_link_page,,（リンク切れです）,(No corresponding page available.),,
http://www.openrtm.org/pub/Linux/Fedora/releases/6/Fedora/i386/os/Packages/OpenRTM-aist-1.0/,no_link_page,,（リンク切れです）,(No corresponding page available.),,
http://www.openrtm.org/pub/Linux/Fedora/releases/6/Fedora/x86_64/os/Packages/OpenRTM-aist-1.0/,no_link_page,,（リンク切れです）,(No corresponding page available.),,
http://www.openrtm.org/pub/Linux/Fedora/releases/7/Fedora/i386/os/Packages/OpenRTM-aist-1.0/,no_link_page,,（リンク切れです）,(No corresponding page available.),,
http://www.openrtm.org/pub/Linux/Fedora/releases/7/Fedora/x86_64/os/Packages/OpenRTM-aist-1.0/,no_link_page,,（リンク切れです）,(No corresponding page available.),,
http://www.openrtm.org/pub/Linux/Fedora/releases/8/Fedora/i386/os/Packages/OpenRTM-aist-1.0/,no_link_page,,（リンク切れです）,(No corresponding page available.),,
http://www.openrtm.org/pub/Linux/Fedora/releases/8/Fedora/x86_64/os/Packages/OpenRTM-aist-1.0/,no_link_page,,（リンク切れです）,(No corresponding page available.),,
http://www.openrtm.org/pub/Linux/Fedora/releases/9/Fedora/i386/os/Packages/OpenRTM-aist-1.0/,no_link_page,,（リンク切れです）,(No corresponding page available.),,
http://www.openrtm.org/pub/Linux/Fedora/releases/9/Fedora/x86_64/os/Packages/OpenRTM-aist-1.0/,no_link_page,,（リンク切れです）,(No corresponding page available.),,
http://www.openrtm.org/pub/Linux/Vine/apt/3.1/i386/RPMS.main/,no_link_page,,（リンク切れです）,(No corresponding page available.),,
http://www.openrtm.org/pub/Linux/Vine/apt/4.0/i386/RPMS.main/,no_link_page,,（リンク切れです）,(No corresponding page available.),,
http://www.openrtm.org/pub/Linux/Vine/apt/4.2/i386/RPMS.main/,no_link_page,,（リンク切れです）,(No corresponding page available.),,
http://www.openrtm.org/pub/Linux/Vine/apt/5.0/i386/RPMS.main/,no_link_page,,（リンク切れです）,(No corresponding page available.),,
http://www.openrtm.org/pub/Linux/debian/dists/etch/main/binary-amd64/,no_link_page,,（リンク切れです）,(No corresponding page available.),,
http://www.openrtm.org/pub/Linux/debian/dists/etch/main/binary-i386/,no_link_page,,（リンク切れです）,(No corresponding page available.),,
http://www.openrtm.org/pub/Linux/debian/dists/lenny/main/binary-amd64/,no_link_page,,（リンク切れです）,(No corresponding page available.),,
http://www.openrtm.org/pub/Linux/debian/dists/lenny/main/binary-i386/,no_link_page,,（リンク切れです）,(No corresponding page available.),,
http://www.openrtm.org/pub/Linux/debian/dists/sarge/main/binary-i386/,no_link_page,,（リンク切れです）,(No corresponding page available.),,
http://www.openrtm.org/pub/Linux/ubuntu/dists/feisty/main/binary-amd64/,no_link_page,,（リンク切れです）,(No corresponding page available.),,
http://www.openrtm.org/pub/Linux/ubuntu/dists/feisty/main/binary-i386/,no_link_page,,（リンク切れです）,(No corresponding page available.),,
http://www.openrtm.org/pub/Linux/ubuntu/dists/gutsy/main/binary-amd64/,no_link_page,,（リンク切れです）,(No corresponding page available.),,
http://www.openrtm.org/pub/Linux/ubuntu/dists/gutsy/main/binary-i386/,no_link_page,,（リンク切れです）,(No corresponding page available.),,
http://www.openrtm.org/pub/Linux/ubuntu/dists/hardy/main/binary-amd64/,no_link_page,,（リンク切れです）,(No corresponding page available.),,
http://www.openrtm.org/pub/Linux/ubuntu/dists/hardy/main/binary-i386/,no_link_page,,（リンク切れです）,(No corresponding page available.),,
http://www.openrtm.org/pub/Linux/ubuntu/dists/intrepid/main/binary-i386/,no_link_page,,（リンク切れです）,(No corresponding page available.),,
http://www.openrtm.org/pub/Linux/ubuntu/dists/jaunty/main/binary-amd64/,no_link_page,,（リンク切れです）,(No corresponding page available.),,
http://www.openrtm.org/pub/Linux/ubuntu/dists/jaunty/main/binary-i386/,no_link_page,,（リンク切れです）,(No corresponding page available.),,
http://www.openrtm.org/pub/MacOSX/macports/port_install.sh,no_link_page,,（リンク切れです）,(No corresponding page available.),,
http://www.openrtm.org/pub/MacOSX/macports/ports.tgz,no_link_page,,（リンク切れです）,(No corresponding page available.),,
http://www.openrtm.org/pub/OpenRTM-aist/ROBOMEC2011/Wix3.msi,no_link_page,,（リンク切れです）,(No corresponding page available.),,
http://www.openrtm.org/pub/OpenRTM-aist/ROBOMEC2011/doxygen-1.7.3-setup.exe,no_link_page,,（リンク切れです）,(No corresponding page available.),,
http://www.openrtm.org/pub/OpenRTM-aist/armadillo/buildtools/arm-cross-install.sh,keep,無し,,,,
http://www.openrtm.org/pub/OpenRTM-aist/armadillo/buildtools/config042.sh,keep,無し,,,,
http://www.openrtm.org/pub/OpenRTM-aist/armadillo/buildtools/config100.sh,keep,無し,,,,
http://www.openrtm.org/pub/OpenRTM-aist/armadillo/buildtools/openrtm_new.patch,keep,無し,,,,
http://www.openrtm.org/pub/OpenRTM-aist/components/ARToolKit-RTC/ARToolKit_RTC.zip,keep,無し,,,,
http://www.openrtm.org/pub/OpenRTM-aist/components/OpenCV/OpenCV-RTC-0.0.1.msi,keep,無し,,,,
http://www.openrtm.org/pub/OpenRTM-aist/components/OpenCV/OpenCV_RTC_0.0.1.tar.gz,keep,無し,,,,
http://www.openrtm.org/pub/OpenRTM-aist/cxx/0.4.2/OpenRTM-aist-0.4.2-RELEASE.tar.gz,keep,無し,,,,
http://www.openrtm.org/pub/OpenRTM-aist/cxx/1.0.0/OpenRTM-aist-1.0.0-RC1-win32.zip,keep,無し,,,,
http://www.openrtm.org/pub/OpenRTM-aist/cxx/1.0.0/OpenRTM-aist-1.0.0-RC1.tar.bz2,keep,無し,,,,
http://www.openrtm.org/pub/OpenRTM-aist/cxx/1.0.0/OpenRTM-aist-1.0.0-RC1.tar.gz,keep,無し,,,,
http://www.openrtm.org/pub/OpenRTM-aist/cxx/1.0.0/OpenRTM-aist-1.0.0-RELEASE-win32.zip,keep,無し,,,,
http://www.openrtm.org/pub/OpenRTM-aist/cxx/1.0.0/OpenRTM-aist-1.0.0-RELEASE.tar.bz2,keep,無し,,,,
http://www.openrtm.org/pub/OpenRTM-aist/cxx/1.0.0/OpenRTM-aist-1.0.0-RELEASE.tar.gz,keep,無し,,,,
http://www.openrtm.org/pub/OpenRTM-aist/cxx/1.0.0/examples.ros-1.0.0.tar.gz,keep,無し,,,,
http://www.openrtm.org/pub/OpenRTM-aist/cxx/1.0.0/ros_transport.patch-1.0.0.tar.gz,keep,無し,,,,
http://www.openrtm.org/pub/OpenRTM-aist/cxx/1.0.2/OpenRTM-aist-1.0.2-win32.zip,keep,無し,,,,
http://www.openrtm.org/pub/OpenRTM-aist/cxx/1.0.2/OpenRTM-aist-1.0.2.tar.bz2,keep,無し,,,,
http://www.openrtm.org/pub/OpenRTM-aist/cxx/1.0.2/OpenRTM-aist-1.0.2.tar.gz,keep,無し,,,,
http://www.openrtm.org/pub/OpenRTM-aist/cxx/1.1.0/OpenRTM-aist-1.1.0-RC1-win32.zip,keep,無し,,,,
http://www.openrtm.org/pub/OpenRTM-aist/cxx/1.1.0/OpenRTM-aist-1.1.0-RC1.tar.bz2,keep,無し,,,,
http://www.openrtm.org/pub/OpenRTM-aist/cxx/1.1.0/OpenRTM-aist-1.1.0-RC1.tar.gz,keep,無し,,,,
http://www.openrtm.org/pub/OpenRTM-aist/cxx/1.1.0/OpenRTM-aist-1.1.0-RC2.tar.gz,keep,無し,,,,
http://www.openrtm.org/pub/OpenRTM-aist/cxx/1.1.0/OpenRTM-aist-1.1.0-RC3-win32.zip,keep,無し,,,,
http://www.openrtm.org/pub/OpenRTM-aist/cxx/1.1.0/OpenRTM-aist-1.1.0-RC3.tar.bz2,keep,無し,,,,
http://www.openrtm.org/pub/OpenRTM-aist/cxx/1.1.0/OpenRTM-aist-1.1.0-RC3.tar.gz,keep,無し,,,,
http://www.openrtm.org/pub/OpenRTM-aist/cxx/1.1.0/OpenRTM-aist-1.1.0-RELEASE-win32.zip,keep,無し,,,,
http://www.openrtm.org/pub/OpenRTM-aist/cxx/1.1.0/OpenRTM-aist-1.1.0-RELEASE.tar.bz2,keep,無し,,,,
http://www.openrtm.org/pub/OpenRTM-aist/cxx/1.1.0/OpenRTM-aist-1.1.0-RELEASE.tar.gz,keep,無し,,,,
http://www.openrtm.org/pub/OpenRTM-aist/cxx/1.1.1/OpenRTM-aist-1.1.1-win32.zip,keep,無し,,,,
http://www.openrtm.org/pub/OpenRTM-aist/cxx/1.1.2/OpenRTM-aist-1.1.2-win32.zip,keep,無し,,,,
http://www.openrtm.org/pub/OpenRTM-aist/cxx/1.1/OpenRTM-aist-1.1.0-RC2-win32.zip,no_link_page,,（リンク切れです）,(No corresponding page available.),,
http://www.openrtm.org/pub/OpenRTM-aist/cxx/1.1/OpenRTM-aist-1.1.0-RC2.tar.bz2,no_link_page,,（リンク切れです）,(No corresponding page available.),,
http://www.openrtm.org/pub/OpenRTM-aist/cxx/1.1/OpenRTM-aist-1.1.0-RC2.tar.gz,no_link_page,,（リンク切れです）,(No corresponding page available.),,
http://www.openrtm.org/pub/OpenRTM-aist/cxx/install_scripts/,keep,無し,,,,
http://www.openrtm.org/pub/OpenRTM-aist/java/1.0.0/OpenRTM-aist-Java-1.0.0-RC1-jar.zip,keep,無し,,,,
http://www.openrtm.org/pub/OpenRTM-aist/java/1.0.0/OpenRTM-aist-Java-1.0.0-RELEASE.tar.gz,keep,無し,,,,
http://www.openrtm.org/pub/OpenRTM-aist/java/1.0.0/OpenRTM-aist-Java-1.0.0-jar.zip,keep,無し,,,,
http://www.openrtm.org/pub/OpenRTM-aist/java/1.1.0/OpenRTM-aist-Java-1.1.0-RC1-jar.zip,keep,無し,,,,
http://www.openrtm.org/pub/OpenRTM-aist/python/1.0.0/OpenRTM-aist-Python-1.0.0-RC1-p1.tar.gz,keep,無し,,,,
http://www.openrtm.org/pub/OpenRTM-aist/python/1.0.0/OpenRTM-aist-Python-1.0.0-RC1.tar.gz,keep,無し,,,,
http://www.openrtm.org/pub/OpenRTM-aist/python/1.0.0/OpenRTM-aist-Python-1.0.0-RELEASE.tar.gz,no_link_page,,（リンク切れです）,(No corresponding page available.),,
http://www.openrtm.org/pub/OpenRTM-aist/python/1.0.0/OpenRTM-aist-Python-1.0.0-RELEASE.zip,no_link_page,,（リンク切れです）,(No corresponding page available.),,
http://www.openrtm.org/pub/OpenRTM-aist/python/1.0.0/OpenRTM-aist-Python24-1.0.0-RC1-p1.zip,keep,無し,,,,
http://www.openrtm.org/pub/OpenRTM-aist/python/1.0.0/OpenRTM-aist-Python25-1.0.0-RC1-p1.zip,keep,無し,,,,
http://www.openrtm.org/pub/OpenRTM-aist/python/1.0.0/OpenRTM-aist-Python26-1.0.0-RC1-p1.zip,keep,無し,,,,
http://www.openrtm.org/pub/OpenRTM-aist/python/1.0.0/patch-OpenRTM-aist-Python-1.0.0-RC1-20090818,keep,無し,,,,
http://www.openrtm.org/pub/OpenRTM-aist/python/1.0.1/OpenRTM-aist-Python-1.0.1.tar.gz,no_link_page,,（リンク切れです）,(No corresponding page available.),,
http://www.openrtm.org/pub/OpenRTM-aist/python/1.0.1/OpenRTM-aist-Python-1.0.1.zip,no_link_page,,（リンク切れです）,(No corresponding page available.),,
http://www.openrtm.org/pub/OpenRTM-aist/python/1.0.2/OpenRTM-aist-Python-1.0.2-RELEASE.tar.gz,no_link_page,,（リンク切れです）,(No corresponding page available.),,
http://www.openrtm.org/pub/OpenRTM-aist/python/1.0.2/OpenRTM-aist-Python-1.0.2-RELEASE.zip,no_link_page,,（リンク切れです）,(No corresponding page available.),,
http://www.openrtm.org/pub/OpenRTM-aist/python/1.1.0/,no_link_page,,（リンク切れです）,(No corresponding page available.),,
http://www.openrtm.org/pub/OpenRTM-aist/python/1.1.0/OpenRTM-aist-Python-1.1.0-RC1.tar.gz,no_link_page,,（リンク切れです）,(No corresponding page available.),,
http://www.openrtm.org/pub/OpenRTM-aist/python/1.1.0/OpenRTM-aist-Python-1.1.0-RC1.zip,no_link_page,,（リンク切れです）,(No corresponding page available.),,
http://www.openrtm.org/pub/OpenRTM-aist/python/1.1.2/,keep,無し,,,,
http://www.openrtm.org/pub/OpenRTM-aist/tools/0.4.2/eclipse32_rtclink041_rtctemplate042_win32.zip,no_link_page,,（リンク切れです）,(No corresponding page available.),,
http://www.openrtm.org/pub/OpenRTM-aist/tools/1.0.0/eclipse32_rtse100_rtcb100_win32.zip,no_link_page,,（リンク切れです）,(No corresponding page available.),,
http://www.openrtm.org/pub/OpenRTM-aist/tools/1.0.0/eclipse342_rtmtools100release_win32_ja.zip,no_link_page,,（リンク切れです）,(No corresponding page available.),,
http://www.openrtm.org/pub/OpenRTM-aist/tools/1.1.0/eclipse342_rtmtools110-rc1_linux_ja.tar.gz,no_link_page,,（リンク切れです）,(No corresponding page available.),,
http://www.openrtm.org/pub/OpenRTM-aist/tools/1.1.0/eclipse342_rtmtools110-rc1_win32_ja.zip,no_link_page,,（リンク切れです）,(No corresponding page available.),,
http://www.openrtm.org/pub/OpenRTM-aist/tools/1.1.0/eclipse342_rtmtools110-rc2_win32_ja.zip,no_link_page,,（リンク切れです）,(No corresponding page available.),,
http://www.openrtm.org/pub/OpenRTM-aist/tools/1.1.0/eclipse342_rtmtools110-rc3_linux_ja.tar.gz,no_link_page,,（リンク切れです）,(No corresponding page available.),,
http://www.openrtm.org/pub/OpenRTM-aist/tools/1.1.0/eclipse342_rtmtools110-rc3_macosx_ja.tar.gz,no_link_page,,（リンク切れです）,(No corresponding page available.),,
http://www.openrtm.org/pub/OpenRTM-aist/tools/1.1.0/eclipse342_rtmtools110-rc3_win32_ja.zip,no_link_page,,（リンク切れです）,(No corresponding page available.),,
http://www.openrtm.org/pub/OpenRTM-aist/tools/1.1.0/eclipse342_rtmtools110-rc3_x86_64_ja.tar.gz,no_link_page,,（リンク切れです）,(No corresponding page available.),,
http://www.openrtm.org/pub/OpenRTM-aist/tools/1.1.0/eclipse342_rtmtools110release_linux_ja.tar.gz,no_link_page,,（リンク切れです）,(No corresponding page available.),,
http://www.openrtm.org/pub/OpenRTM-aist/tools/1.1.0/eclipse342_rtmtools110release_win32_ja.zip,no_link_page,,（リンク切れです）,(No corresponding page available.),,
http://www.openrtm.org/pub/OpenRTM-aist/tools/rtshell/3.0/ja/rtprint.html,keep,無し,,,,
http://www.openrtm.org/pub/Windows/OpenRTM-aist/cxx/1.1/OpenRTM-aist-1.1.0-RC2_vc9.msi,no_link_page,,（リンク切れです）,(No corresponding page available.),,
http://www.openrtm.org/pub/Windows/OpenRTM-aist/cxx/1.1/OpenRTM-aist-1.1.0-RC3_vc10.msi,no_link_page,,（リンク切れです）,(No corresponding page available.),,
http://www.openrtm.org/pub/Windows/OpenRTM-aist/cxx/1.1/OpenRTM-aist-1.1.0-RC3_vc10_x64.msi,no_link_page,,（リンク切れです）,(No corresponding page available.),,
http://www.openrtm.org/pub/Windows/OpenRTM-aist/cxx/1.1/OpenRTM-aist-1.1.0-RC3_vc9.msi,no_link_page,,（リンク切れです）,(No corresponding page available.),,
http://www.openrtm.org/pub/Windows/OpenRTM-aist/cxx/1.1/OpenRTM-aist-1.1.0-RELEASE_vc10.msi,keep,無し,,,,
http://www.openrtm.org/pub/Windows/OpenRTM-aist/cxx/1.1/OpenRTM-aist-1.1.0-RELEASE_vc10_x64.msi,keep,無し,,,,
http://www.openrtm.org/pub/Windows/OpenRTM-aist/cxx/1.1/OpenRTM-aist-1.1.0-RELEASE_vc9.msi,keep,無し,,,,
http://www.openrtm.org/pub/Windows/OpenRTM-aist/cxx/1.1/python27.reg,keep,無し,,,,
http://www.openrtm.org/pub/Windows/OpenRTM-aist/cxx/OpenRTM-aist-0.4.2-jp_vc9.msi,no_link_page,,（リンク切れです）,(No corresponding page available.),,
http://www.openrtm.org/pub/Windows/OpenRTM-aist/cxx/OpenRTM-aist-1.0.0-RC1-jp_vc8.msi,no_link_page,,（リンク切れです）,(No corresponding page available.),,
http://www.openrtm.org/pub/Windows/OpenRTM-aist/cxx/OpenRTM-aist-1.0.0-RC1-jp_vc9.msi,no_link_page,,（リンク切れです）,(No corresponding page available.),,
http://www.openrtm.org/pub/Windows/OpenRTM-aist/cxx/OpenRTM-aist-1.0.0-RC1_vc8.msi,no_link_page,,（リンク切れです）,(No corresponding page available.),,
http://www.openrtm.org/pub/Windows/OpenRTM-aist/cxx/OpenRTM-aist-1.0.0-RC1_vc9.msi,no_link_page,,（リンク切れです）,(No corresponding page available.),,
http://www.openrtm.org/pub/Windows/OpenRTM-aist/cxx/OpenRTM-aist-1.0.0-RELEASE_vc8_100212.msi,keep,無し,,,,
http://www.openrtm.org/pub/Windows/OpenRTM-aist/cxx/OpenRTM-aist-1.0.0-RELEASE_vc9_100212.msi,keep,無し,,,,
http://www.openrtm.org/pub/Windows/OpenRTM-aist/cxx/OpenRTM-aist-1.0.2-1_vc9.msi,keep,無し,,,,
http://www.openrtm.org/pub/Windows/OpenRTM-aist/cxx/OpenRTM-aist-1.1.0-RC1_vc9.msi,no_link_page,,（リンク切れです）,(No corresponding page available.),,
http://www.openrtm.org/pub/Windows/OpenRTM-aist/java/OpenRTM-aist-Java-1.0.0-RC1.msi,keep,無し,,,,
http://www.openrtm.org/pub/Windows/OpenRTM-aist/java/OpenRTM-aist-Java-1.0.0.msi,keep,無し,,,,
http://www.openrtm.org/pub/Windows/OpenRTM-aist/java/OpenRTM-aist-Java-1.1.0-RC1.msi,keep,無し,,,,
http://www.openrtm.org/pub/Windows/OpenRTM-aist/python/OpenRTM-aist-Python-1.0.0.msi,keep,無し,,,,
http://www.openrtm.org/pub/Windows/OpenRTM-aist/python/OpenRTM-aist-Python-1.0.1.msi,keep,無し,,,,
http://www.openrtm.org/pub/Windows/OpenRTM-aist/python/OpenRTM-aist-Python-1.1.0-RC1.msi,keep,無し,,,,
http://www.openrtm.org/pub/Windows/OpenRTM-aist/python/OpenRTM-aist-Python2.5-0.4.1-RELEASE.msi,keep,無し,,,,
http://www.openrtm.org/pub/Windows/OpenRTM-aist/python/OpenRTM-aist-Python24-1.0.0-RC1-p1.msi,keep,無し,,,,
http://www.openrtm.org/pub/Windows/OpenRTM-aist/python/OpenRTM-aist-Python25-1.0.0-RC1-p1.msi,keep,無し,,,,
http://www.openrtm.org/pub/Windows/OpenRTM-aist/python/OpenRTM-aist-Python26-1.0.0-RC1-p1.msi,keep,無し,,,,
http://www.openrtm.org/pub/Windows/ace/ACE-5.6_vc9.msi,keep,無し,,,,
http://www.openrtm.org/pub/Windows/omniORB/omniORB-4.0.7-jp_vc8.msi,keep,無し,,,,
http://www.openrtm.org/pub/Windows/omniORB/omniORB-4.1.2_vc9.msi,keep,無し,,,,
http://www.openrtm.org/pub/Windows/omniORB/omniORBpy-2.7.msi,keep,無し,,,,
http://www.openrtm.org/pub/Windows/omniORB/omniORBpy-3.1.msi,keep,無し,,,,
http://www.openrtm.org/pub/Windows/omniORB/omniORBpy-3.4.msi,keep,無し,,,,
http://www.openrtm.org/rt/RTMcatalog2009.pdf,no_link_page,,（リンク切れです）,(No corresponding page available.),,
http://www.openrtm.org/rt/RTMcatalog2010_v2.pdf,no_link_page,,（リンク切れです）,(No corresponding page available.),,
http://www.openrtm.org/rt/RTMcontest/2007/,change,/content/content/rtmcontest2007/,,,,
http://www.openrtm.org/rt/RTMcontest/2007/entry.html,change,/content/rtmcontest2007/,,,,
http://www.openrtm.org/rt/RTMcontest/2007/entry_public.html,change,/content/content/rtmcontest2007/entry_public,,,,
http://www.openrtm.org/rt/RTMcontest/2008/,change,/content/content/rtmcontest2008/,,,,
http://www.openrtm.org/rt/RTMcontest/2008/entry.html,change,/content/content/rtmcontest2008/entry_public/,,,,
http://www.openrtm.org/rt/RTMcontest/2009/,change,/content/content/rtmcontest2009/,,,,
http://www.openrtm.org/rt/RTMcontest/2010/,change,/content/content/rtmcontest2010/,,,,
http://www.openrtm.org/rt/RTMcontest/2011/,change,/content/content/rtmcontest2011/,,,,
http://www.openrtm.org/svnstat/cxx,no_link_page,,（リンク切れです）,(No corresponding page available.),,
http://www.openrtm.org/svnstat/java,no_link_page,,（リンク切れです）,(No corresponding page available.),,
http://www.openrtm.org/svnstat/python,no_link_page,,（リンク切れです）,(No corresponding page available.),,
http](//unit.aist.go.jp/is/index_j.html,no_link_page,,（リンク切れです）,(No corresponding page available.),,
https://openrtm.org/openrtm/ja/build_12_openrtp,projectpage,プロジェクトぺーじ,（Projectページはリンク切れです）,(No corresponding English project page available.),,
https://openrtm.org/openrtm/ja/content/cmake_build_rtm,change,/doc/developersguide/advanced_rt_system_programming/openrtm_cpp_cmake_build/,,,,
https://openrtm.org/openrtm/ja/contests/2019,projectpage,プロジェクトぺーじ,（Projectページはリンク切れです）,(No corresponding English project page available.),,
https://openrtm.org/openrtm/ja/contests/2021,projectpage,プロジェクトぺーじ,（Projectページはリンク切れです）,(No corresponding English project page available.),,
https://openrtm.org/openrtm/ja/contests/2022,projectpage,プロジェクトぺーじ,（Projectページはリンク切れです）,(No corresponding English project page available.),,
https://openrtm.org/openrtm/ja/contests/2023,projectpage,プロジェクトぺーじ,（Projectページはリンク切れです）,(No corresponding English project page available.),,
https://openrtm.org/openrtm/ja/contests/2024,projectpage,プロジェクトぺーじ,（Projectページはリンク切れです）,(No corresponding English project page available.),,
https://openrtm.org/openrtm/ja/download,change,/download,,,,
https://openrtm.org/openrtm/ja/node/6426,change,/doc/faq/faq_rtc_creation,,,,
https://openrtm.org/openrtm/ja/node/6521,change,/doc/installation/lets_start121,,,,
https://openrtm.org/openrtm/ja/node/6549,change,/doc/casestudy/raspberrypi_mouse/raspimouse_tutorial_rtm_seminar,,,,
https://openrtm.org/openrtm/ja/tutorial/summercamp2019,change,/tutorials/summercamp2019,,,,
https://openrtm.org/openrtm/sites/default/files/5620/rtshell.pdf,change,./rtshell.pdf,,,,
https://openrtm.org/openrtm/sites/default/files/7217/duAro.png,change,./duAro.png,,,,
https://openrtm.org/pub/OpenRTM-aist/java/1.1.2/OpenRTM-aist-Java-1.1.2-RELEASE-jar.zip,keep,無し,,,,
https://openrtm.org/pub/OpenSSL/,keep,無し,,,,
https://openrtm.org/pub/Windows/OpenRTM-aist/2.0/,keep,無し,,,,
https://openrtm.org/pub/Windows/OpenRTM-aist/2.0/OpenRTM-aist-2.0.0-RC220404_x86_64.msi,no_link_page,,（リンク切れです）,(No corresponding page available.),,
https://openrtm.org/pub/Windows/OpenRTM-aist/2.0/OpenRTM-aist-2.0.0-RELEASE_x86_64.msi,keep,無し,,,,
https://openrtm.org/pub/Windows/OpenRTM-aist/2.0/OpenRTM-aist-2.0.2-RELEASE_x86_64.msi,keep,無し,,,,
https://openrtm.org/pub/Windows/OpenRTM-aist/2.1/OpenRTM-aist-2.1.0-RELEASE_x86_64.msi,keep,無し,,,,
https://openrtm.org/pub/Windows/OpenRTM-aist/2.1/RC/,no_link_page,,（リンク切れです）,(No corresponding page available.),,
https://openrtm.org/pub/omniORB/win32/,keep,無し,,,,
https://openrtm.org/pub/omniORB/win32/omniORB-4.2.5/,keep,無し,,,,
https://openrtm.org/pub/omniORB/win32/omniORB-4.3.4/,keep,無し,,,,
https://openrtm.org/vs_install,no_link_page,,（リンク切れです）,(No corresponding page available.),,
https://www.openrtm.org/OpenRTM-aist/documents/current/cxx/classreference_en/classRTC_1_1CorbaPort.html,keep,無し,,,,
https://www.openrtm.org/openrtm/ja/node/6057,change,/doc/casestudy/opencv_comp_development/opencv_win81_vs2015,,,,
https://www.openrtm.org/openrtm/ja/node/6521,change,/doc/installation/lets_start121,,,,
https://www.openrtm.org/openrtm/ja/tutorial/robomech2020,change,/tutorials/robomech2020,,,,
https://www.openrtm.org/openrtm/ja/tutorial/robomech2021,change,/tutorials/robomech2021,,,,
https://www.openrtm.org/openrtm/ja/tutorial/robomech2022,change,/tutorials/robomech2022,,,,
i2c_devices.png,keep,無し,,,,
i2c_devices_circuit.png,keep,無し,,,,
i2c_gyrotest.c,keep,無し,,,,
i2c_i2ctest.png,keep,無し,,,,
i2c_i2ctools_i2cdetect.png,keep,無し,,,,
icon-rtce.png,keep,無し,,,,
icon_db.png,keep,無し,,,,
icon_open_editor.png,keep,無し,,,,
icon_open_editor_ja.png,keep,無し,,,,
icon_openrtp.png,keep,無し,,,,
idl_000.png,keep,無し,,,,
idl_00000.png,keep,無し,,,,
idl_002.png,keep,無し,,,,
idlcompile_stub_skel_ja.png,keep,無し,,,,
idle_1.png,keep,無し,,,,
if1.png,keep,無し,,,,
if2.png,keep,無し,,,,
if3.png,keep,無し,,,,
if4.png,keep,無し,,,,
install1.png,keep,無し,,,,
install2.png,keep,無し,,,,
install24.png,keep,無し,,,,
install25.png,keep,無し,,,,
install26.png,keep,無し,,,,
install29.png,keep,無し,,,,
install3.png,keep,無し,,,,
install30.png,keep,無し,,,,
install31.png,keep,無し,,,,
install32.png,keep,無し,,,,
install36.png,keep,無し,,,,
install38.png,keep,無し,,,,
install4.png,keep,無し,,,,
install40.png,keep,無し,,,,
install41.png,keep,無し,,,,
install42.png,keep,無し,,,,
install43.png,keep,無し,,,,
install44.png,keep,無し,,,,
install45.png,keep,無し,,,,
install46.png,keep,無し,,,,
install47.png,keep,無し,,,,
install48.png,keep,無し,,,,
install49.png,keep,無し,,,,
install5.png,keep,無し,,,,
install50.png,keep,無し,,,,
install51.png,keep,無し,,,,
install52.png,keep,無し,,,,
install53.png,keep,無し,,,,
install54.png,keep,無し,,,,
install55.png,keep,無し,,,,
install56.png,keep,無し,,,,
install6.png,keep,無し,,,,
install7_0.png,keep,無し,,,,
install8.png,keep,無し,,,,
iorkakunin1.png,keep,無し,,,,
iorkakunin2.png,keep,無し,,,,
iorkakunin3.png,keep,無し,,,,
iorkakunin4.png,keep,無し,,,,
iorkakunin6.png,keep,無し,,,,
iorkakunin7.png,keep,無し,,,,
itc1.png,keep,無し,,,,
java-version.png,keep,無し,,,,
java_config.png,keep,無し,,,,
java_dataport.png,keep,無し,,,,
java_exttrigsample0.png,keep,無し,,,,
java_exttrigsample1.png,keep,無し,,,,
java_exttrigsample2.png,keep,無し,,,,
java_logo.png,keep,無し,,,,
java_serviceport.png,keep,無し,,,,
joystick.ans_.zip,keep,無し,,,,
joystick.zip,keep,無し,,,,
jparc.png,keep,無し,,,,
jpark.png,keep,無し,,,,
kannkyousetumei.png,keep,無し,,,,
kibana1.png,keep,無し,,,,
kibana2.png,keep,無し,,,,
kibana3.png,keep,無し,,,,
kibana4.png,keep,無し,,,,
kibana5.png,keep,無し,,,,
kibana6.png,keep,無し,,,,
kibana7.png,keep,無し,,,,
kibana8.png,keep,無し,,,,
kibana9.png,keep,無し,,,,
kobuki5v_connector.png,keep,無し,,,,
kobuki_and_raspi.png,keep,無し,,,,
kobuki_auto.png,keep,無し,,,,
kobuki_img-640x381.jpg,keep,無し,,,,
kobuki_panel.png,keep,無し,,,,
kobuki_raspberry_dccable.png,keep,無し,,,,
kuniilab.png,keep,無し,,,,
kuro-box_hg_0.jpg,keep,無し,,,,
kuro-box_pro.jpg,keep,無し,,,,
launch_demo_components.png,keep,無し,,,,
launch_teraterm.png,keep,無し,,,,
leapmotion.jpg,keep,無し,,,,
learning.gif,keep,無し,,,,
license_for_rtcs_ja.png,keep,無し,,,,
load_JDK_ja.png,keep,無し,,,,
load_module.png,keep,無し,,,,
lp_detection_pointing.png,keep,無し,,,,
lp_detection_small.png,keep,無し,,,,
manager1.jpg,keep,無し,,,,
manager2.jpg,keep,無し,,,,
map_251201.png,keep,無し,,,,
math0.png,keep,無し,,,,
math1.png,keep,無し,,,,
math10.png,keep,無し,,,,
math11.png,keep,無し,,,,
math12.png,keep,無し,,,,
math13.png,keep,無し,,,,
math14.png,keep,無し,,,,
math15.png,keep,無し,,,,
math16.png,keep,無し,,,,
math17.png,keep,無し,,,,
math3.png,keep,無し,,,,
math4.png,keep,無し,,,,
math5.png,keep,無し,,,,
math6.png,keep,無し,,,,
math7.png,keep,無し,,,,
math8.png,keep,無し,,,,
math9.png,keep,無し,,,,
mech2022_00.jpg,keep,無し,,,,
mech2022_01.jpg,keep,無し,,,,
mech2022_02.jpg,keep,無し,,,,
meijo_1.jpg,keep,無し,,,,
meijo_2.jpg,keep,無し,,,,
menu-c++RTC_001.png,keep,無し,,,,
menu-c++RTC_002.png,keep,無し,,,,
microbit_set.jpeg,keep,無し,,,,
ministick_and_kobuki.png,keep,無し,,,,
ministick_and_mobilerobot.png,keep,無し,,,,
ministick_axis_ja.png,keep,無し,,,,
ministick_builder_activity.png,keep,無し,,,,
ministick_builder_basic.png,keep,無し,,,,
ministick_builder_configuration.png,keep,無し,,,,
ministick_builder_dataport.png,keep,無し,,,,
ministick_builder_documentation.png,keep,無し,,,,
ministick_builder_lang.png,keep,無し,,,,
ministick_connection.png,keep,無し,,,,
ministick_teraterm.png,keep,無し,,,,
mobilesem1.png,keep,無し,,,,
mobilesem2.png,keep,無し,,,,
morioka_lab.png,keep,無し,,,,
msi-download-01.png,keep,無し,,,,
msi-download-02.png,keep,無し,,,,
msi-download-03.png,keep,無し,,,,
msi-download-04.png,keep,無し,,,,
msi-download-05.png,keep,無し,,,,
msi-download-06.png,keep,無し,,,,
msi_install1-1.png,keep,無し,,,,
msi_install2-1.png,keep,無し,,,,
msi_install3-1.png,keep,無し,,,,
msi_install4-1.png,keep,無し,,,,
msi_install4-2.png,keep,無し,,,,
msi_install5-1.png,keep,無し,,,,
msi_install_1-1.png,keep,無し,,,,
msi_install_2-1.png,keep,無し,,,,
msi_install_3-1.png,keep,無し,,,,
msi_install_4-1.png,keep,無し,,,,
msi_install_4-2.png,keep,無し,,,,
msi_install_5-1.png,keep,無し,,,,
msi_uninstall0-1.png,keep,無し,,,,
msi_uninstall0-2.png,keep,無し,,,,
msi_uninstall1-1.png,keep,無し,,,,
msi_uninstall2-1.png,keep,無し,,,,
msi_uninstall2-2.png,keep,無し,,,,
msi_uninstall3-1.png,keep,無し,,,,
msi_uninstall_0-1.png,keep,無し,,,,
msi_uninstall_0-2.png,keep,無し,,,,
msi_uninstall_1-1.png,keep,無し,,,,
msi_uninstall_2-1.png,keep,無し,,,,
msi_uninstall_2-2.png,keep,無し,,,,
msi_uninstall_3-1.png,keep,無し,,,,
msi_upgrade1-1.png.png,keep,無し,,,,
msi_upgrade2-1.png,keep,無し,,,,
msi_upgrade3-1.png,keep,無し,,,,
msi_upgrade4-1.png,keep,無し,,,,
msi_upgrade5-1.png,keep,無し,,,,
msi_upgrade6-1.png,keep,無し,,,,
msi_upgrade_1-1.png,keep,無し,,,,
msi_upgrade_2-1.png,keep,無し,,,,
msi_upgrade_3-1.png,keep,無し,,,,
msi_upgrade_4-1.png,keep,無し,,,,
msi_upgrade_5-1.png,keep,無し,,,,
msi_upgrade_6-1.png,keep,無し,,,,
nameserver.png,keep,無し,,,,
namingservice_on_windows.png,keep,無し,,,,
neijo_demo_00.jpg,keep,無し,,,,
neijo_demo_01.jpg,keep,無し,,,,
neijo_demo_02.jpg,keep,無し,,,,
net1.png,keep,無し,,,,
net2.png,keep,無し,,,,
new_00.png,keep,無し,,,,
new_01.png,keep,無し,,,,
new_02.png,keep,無し,,,,
new_03_04.png,keep,無し,,,,
new_05.png,keep,無し,,,,
new_JRE_VM_setting_ja.png,keep,無し,,,,
new_JRE_setting_ja.png,keep,無し,,,,
new_project2022.png,keep,無し,,,,
new_project_name_ja.png,keep,無し,,,,
node,no_link_page,無し,（リンク切れです）,(No corresponding page available.),,
node/5784,change,/tutorials/robomech2015/,,,,
node/5808,change,/tutorials/bootcamp_chuo_2015/,,,,
node/5810,change,/tutorials/bootcamp_meijo_2015/,,,,
node/5841,change,/tutorials/bootcamp_chuo_2015/,,,,
ns1.png,keep,無し,,,,
ns2.png,keep,無し,,,,
ns3.png,keep,無し,,,,
obniz.jpeg,keep,無し,,,,
okadalab1.png,keep,無し,,,,
okadalab2.png,keep,無し,,,,
open_consolein_out.png,keep,無し,,,,
open_consolein_out2_ja.png,keep,無し,,,,
open_win_HIRAKU_ja.png,keep,無し,,,,
open_win_examples_short_cut_ja.png,keep,無し,,,,
opencv.png,keep,無し,,,,
opencv10.jpg,keep,無し,,,,
opencv2.jpg,keep,無し,,,,
opencv3.jpg,keep,無し,,,,
opencv4_2.jpg,keep,無し,,,,
opencv5_2.jpg,keep,無し,,,,
opencv6_2.jpg,keep,無し,,,,
opencv7_2.jpg,keep,無し,,,,
opencv8.jpg,keep,無し,,,,
opencv9.png,keep,無し,,,,
openhrp_openrtm_ja.png,keep,無し,,,,
openrtm122_inst_01.png,keep,無し,,,,
openrtm122_inst_02.png,keep,無し,,,,
openrtm122_inst_03.png,keep,無し,,,,
openrtm122_inst_04.png,keep,無し,,,,
openrtm122_inst_05.png,keep,無し,,,,
openrtm122_inst_06.png,keep,無し,,,,
openrtm122_inst_08.png,keep,無し,,,,
openrtm_src_dist_ja.png,keep,無し,,,,
openrtp.png,keep,無し,,,,
openrtp_01.jpg,keep,無し,,,,
openrtp_02.jpg,keep,無し,,,,
openrtp_03.jpg,keep,無し,,,,
openrtp_ja.png,keep,無し,,,,
oracleJDK7_001.jpg,keep,無し,,,,
oracleJDK7_002.jpg,keep,無し,,,,
oracleJDK7_003.jpg,keep,無し,,,,
oracleJDK7_004.jpg,keep,無し,,,,
osx_logo2.png,keep,無し,,,,
param1_slider_ja.png,keep,無し,,,,
param2_spin_ja.png,keep,無し,,,,
param3_radio_ja.png,keep,無し,,,,
param4_text_ja.png,keep,無し,,,,
path23.png,keep,無し,,,,
pattern_weaver.jpg,keep,無し,,,,
phidget_sensorkit2.png,keep,無し,,,,
pic-00.jpg,keep,無し,,,,
pic-01.jpg,keep,無し,,,,
pic-02.jpg,keep,無し,,,,
pic-03.jpg,keep,無し,,,,
pic-04.jpg,keep,無し,,,,
pic-05-01.jpg,keep,無し,,,,
pic-05.jpg,keep,無し,,,,
pic-06-01.jpg,keep,無し,,,,
pic-06.jpg,keep,無し,,,,
pic-07.jpg,keep,無し,,,,
pic-08-01.jpg,keep,無し,,,,
pic-09.jpg,keep,無し,,,,
pirt-unit.png,keep,無し,,,,
pirt-unit_app.png,keep,無し,,,,
pirt-unit_connectors.png,keep,無し,,,,
pirtunit_blockdiagram.png,keep,無し,,,,
plate.jpg,keep,無し,,,,
plugin10.png,keep,無し,,,,
plugin10_ja.png,keep,無し,,,,
plugin11_1.png,keep,無し,,,,
plugin11_1_ja.png,keep,無し,,,,
plugin12.png,keep,無し,,,,
plugin12_ja.png,keep,無し,,,,
plugin13.png,keep,無し,,,,
plugin13_ja.png,keep,無し,,,,
plugin14_1.png,keep,無し,,,,
plugin14_1_ja.png,keep,無し,,,,
plugin15_1.png,keep,無し,,,,
plugin15_1_ja.png,keep,無し,,,,
plugin1_1.png,keep,無し,,,,
plugin1_1_ja.png,keep,無し,,,,
plugin2_1.png,keep,無し,,,,
plugin2_1_ja.png,keep,無し,,,,
plugin3_1.png,keep,無し,,,,
plugin3_1_ja.png,keep,無し,,,,
plugin4_1.png,keep,無し,,,,
plugin4_1_ja.png,keep,無し,,,,
plugin5_1.png,keep,無し,,,,
plugin5_1_ja.png,keep,無し,,,,
plugin6.png,keep,無し,,,,
plugin6_ja.png,keep,無し,,,,
plugin7_1.png,keep,無し,,,,
plugin7_1_ja.png,keep,無し,,,,
plugin8_1.png,keep,無し,,,,
plugin8_1_ja.png,keep,無し,,,,
plugin9_1.png,keep,無し,,,,
plugin9_1_ja.png,keep,無し,,,,
processing1.png,keep,無し,,,,
processing10.png,keep,無し,,,,
processing3.png,keep,無し,,,,
processing4.png,keep,無し,,,,
processing5.png,keep,無し,,,,
processing7.png,keep,無し,,,,
provider_and_consumer_ja.png,keep,無し,,,,
pw_for_rtm.png,keep,無し,,,,
py313_install_1.png,keep,無し,,,,
py313_install_2.png,keep,無し,,,,
py313_install_3.png,keep,無し,,,,
python-logo.png,keep,無し,,,,
python27_install.jpg,keep,無し,,,,
python38-install002.png,keep,無し,,,,
python38-install003.png,keep,無し,,,,
qnx.png,keep,無し,,,,
qnx10.png,keep,無し,,,,
qnx9.png,keep,無し,,,,
qnx_logo.png,keep,無し,,,,
qnx_test.png,keep,無し,,,,
ras.png,keep,無し,,,,
raspberry_gpio.png,keep,無し,,,,
raspberry_xwindow.png,keep,無し,,,,
raspberrypi.png,keep,無し,,,,
raspberrypi_and_arp.png,keep,無し,,,,
raspberrypi_gpio_pinassign.png,keep,無し,,,,
raspbian_download_site2.png,keep,無し,,,,
raspi-config2.png,keep,無し,,,,
raspi_conf.png,keep,無し,,,,
raspi_gaiyou.jpg,keep,無し,,,,
raspi_tu25.png,keep,無し,,,,
raspi_tu26.png,keep,無し,,,,
raspi_tu28.png,keep,無し,,,,
raspimouse.png,keep,無し,,,,
raspimouse2.png,keep,無し,,,,
reasoning.gif,keep,無し,,,,
registration_scheme.png,keep,無し,,,,
resetButton.jpg,keep,無し,,,,
robomech2018_1.jpg,keep,無し,,,,
robomech2018_10.jpg,keep,無し,,,,
robomech2018_11.jpg,keep,無し,,,,
robomech2018_12.jpg,keep,無し,,,,
robomech2018_13.jpg,keep,無し,,,,
robomech2018_14.jpg,keep,無し,,,,
robomech2018_15.jpg,keep,無し,,,,
robomech2018_16.jpg,keep,無し,,,,
robomech2018_17.jpg,keep,無し,,,,
robomech2018_18.jpg,keep,無し,,,,
robomech2018_19.jpg,keep,無し,,,,
robomech2018_20.jpg,keep,無し,,,,
robomech2018_22.jpg,keep,無し,,,,
robomech2018_23.jpg,keep,無し,,,,
robomech2018_24.jpg,keep,無し,,,,
robomech2018_25.jpg,keep,無し,,,,
robomech2018_26.jpg,keep,無し,,,,
robomech2018_2_2.jpg,keep,無し,,,,
robomech2018_3.jpg,keep,無し,,,,
robomech2018_4.jpg,keep,無し,,,,
robomech2018_5.jpg,keep,無し,,,,
robomech2018_6.jpg,keep,無し,,,,
robomech2018_6_2.png,keep,無し,,,,
robomech2018_7.jpg,keep,無し,,,,
robomech2018_8.jpg,keep,無し,,,,
robomech2018_9.jpg,keep,無し,,,,
robomech2025_01.JPEG,keep,無し,,,,
robomech2025_02.JPEG,keep,無し,,,,
robomech2025_03.JPEG,keep,無し,,,,
robomech2025_04.JPEG,keep,無し,,,,
robomech2025_05.JPEG,keep,無し,,,,
robossa.png,keep,無し,,,,
robotcomp.png,keep,無し,,,,
rover_op.png,keep,無し,,,,
rover_system.png,keep,無し,,,,
rpm-list.png,keep,無し,,,,
rpm10_raspi.png,keep,無し,,,,
rpm14_graph.png,keep,無し,,,,
rpm8.png,keep,無し,,,,
rpm8_raspi.png,keep,無し,,,,
rpm9_raspi.png,keep,無し,,,,
rt.png,keep,無し,,,,
rt_ice_extension.jpg,keep,無し,,,,
rt_reuse_center.png,keep,無し,,,,
rt_reuse_platform.png,keep,無し,,,,
rt_shell_logo.jpg,keep,無し,,,,
rtc_devel_flow_ja.png,keep,無し,,,,
rtc_formation.jpg,keep,無し,,,,
rtc_state_machine_ja.png,keep,無し,,,,
rtcb10.png,keep,無し,,,,
rtcb11.png,keep,無し,,,,
rtcbuilder_create_ports.png,keep,無し,,,,
rtcbuilder_direction_ddown_ja.png,keep,無し,,,,
rtcbuilder_generate_source.png,keep,無し,,,,
rtcbuilder_interfacetype_ddwon_ja.png,keep,無し,,,,
rtcbuilder_ja.png,keep,無し,,,,
rtcbuilder_new_project.png,keep,無し,,,,
rtcbuilder_project_type.png,keep,無し,,,,
rtcbuilder_select_language.png,keep,無し,,,,
rtcbuilder_serviceport_tab1_ja.png,keep,無し,,,,
rtcbuilder_serviceport_tab2_ja.png,keep,無し,,,,
rtcbuilder_serviceport_tab3_ja.png,keep,無し,,,,
rtcbuilder_serviceport_tab4_ja.png,keep,無し,,,,
rtcbuilder_svcimpl_cxxsrc_ja.png,keep,無し,,,,
rtcbuilder_svcimpl_javasrc_ja.png,keep,無し,,,,
rtcbuilder_svcimpl_pysrc_ja.png,keep,無し,,,,
rtchandle_activateall_button.png,keep,無し,,,,
rtchandle_connectall_button.png,keep,無し,,,,
rtchandle_getrtclist_button.png,keep,無し,,,,
rtchandle_getrtclist_result.png,keep,無し,,,,
rtchandle_launched_components.png,keep,無し,,,,
rtchandle_launcher.png,keep,無し,,,,
rtchandle_load_button.png,keep,無し,,,,
rtchandle_load_button_after.png,keep,無し,,,,
rtctree_installer_1.png,keep,無し,,,,
rtctree_installer_2.png,keep,無し,,,,
rtctree_installer_3.png,keep,無し,,,,
rtctree_installer_4.png,keep,無し,,,,
rtls_output.png,keep,無し,,,,
rtm1.png,keep,無し,,,,
rtm10.png,keep,無し,,,,
rtm11.png,keep,無し,,,,
rtm12.png,keep,無し,,,,
rtm13.png,keep,無し,,,,
rtm14.png,keep,無し,,,,
rtm15.png,keep,無し,,,,
rtm16.png,keep,無し,,,,
rtm17.png,keep,無し,,,,
rtm18.png,keep,無し,,,,
rtm19.png,keep,無し,,,,
rtm2.png,keep,無し,,,,
rtm20.png,keep,無し,,,,
rtm2023_00.jpeg,keep,無し,,,,
rtm21.png,keep,無し,,,,
rtm22.png,keep,無し,,,,
rtm23.png,keep,無し,,,,
rtm25.png,keep,無し,,,,
rtm26.png,keep,無し,,,,
rtm27.png,keep,無し,,,,
rtm28.png,keep,無し,,,,
rtm29.png,keep,無し,,,,
rtm3.png,keep,無し,,,,
rtm30.png,keep,無し,,,,
rtm31.png,keep,無し,,,,
rtm32.png,keep,無し,,,,
rtm34.png,keep,無し,,,,
rtm35.png,keep,無し,,,,
rtm36.png,keep,無し,,,,
rtm37.png,keep,無し,,,,
rtm38.png,keep,無し,,,,
rtm4.png,keep,無し,,,,
rtm5.png,keep,無し,,,,
rtm6-2.png,keep,無し,,,,
rtm6-3.png,keep,無し,,,,
rtm6.png,keep,無し,,,,
rtm7-2.png,keep,無し,,,,
rtm7.png,keep,無し,,,,
rtm8-2.png,keep,無し,,,,
rtm8.png,keep,無し,,,,
rtm9-2.png,keep,無し,,,,
rtm9-3.png,keep,無し,,,,
rtm9.png,keep,無し,,,,
rtm_config.cmake,keep,無し,,,,
rtm_projects_ja.png,keep,無し,,,,
rtm_randd_ja.png,keep,無し,,,,
rtmsm2022_1080.png,keep,無し,,,,
rtmsummercamp2022.jpg,keep,無し,,,,
rtmsummercamp2023_01.jpg,keep,無し,,,,
rtmsummercamp2023_02.jpg,keep,無し,,,,
rtmsummercamp2023_03.jpg,keep,無し,,,,
rtmsummercamp2023_04.jpg,keep,無し,,,,
rtmsummercamp2023_05.jpg,keep,無し,,,,
rtmsummercamp2024_00.jpg,keep,無し,,,,
rtmsummercamp2024_01.jpg,keep,無し,,,,
rtmsummercamp2024_02.jpg,keep,無し,,,,
rtmsummercamp2024_03jpg.JPEG,keep,無し,,,,
rtmsummercamp2024_04.jpg,keep,無し,,,,
rtmtutorial12.png,keep,無し,,,,
rtmtutorial13.png,keep,無し,,,,
rtp.png,keep,無し,,,,
rtse0150.png,keep,無し,,,,
rtse2000.png,keep,無し,,,,
rtse400.png,keep,無し,,,,
rtse400_2.png,keep,無し,,,,
rtse_actevated_all_ja.png,keep,無し,,,,
rtse_activated_all.png,keep,無し,,,,
rtse_all_actevate_icon.png,keep,無し,,,,
rtse_all_activate_icon.png,keep,無し,,,,
rtse_chromakey.png,keep,無し,,,,
rtse_connect_dialog_ja.png,keep,無し,,,,
rtse_connect_ns_icon.png,keep,無し,,,,
rtse_dnd_rtcs_ja.png,keep,無し,,,,
rtse_inport_icon.png,keep,無し,,,,
rtse_inport_icon_n.png,keep,無し,,,,
rtse_ja.png,keep,無し,,,,
rtse_ns_connected_ja.png,keep,無し,,,,
rtse_open_editor_icon.png,keep,無し,,,,
rtse_open_editor_icon_ja.png,keep,無し,,,,
rtse_outport_icon.png,keep,無し,,,,
rtse_outport_icon_n.png,keep,無し,,,,
rtse_portconnect_dialog_ja.png,keep,無し,,,,
rtse_portconnect_ja.png,keep,無し,,,,
rtse_rtc_icon.png,keep,無し,,,,
rtse_rtc_icon_n.png,keep,無し,,,,
rtse_start_ja.png,keep,無し,,,,
rtshell1_tutorial.png,keep,無し,,,,
rtshell2_tutorial.png,keep,無し,,,,
rtshell3_tutorial.png,keep,無し,,,,
rtshell4_tutorial.png,keep,無し,,,,
rtshell5.png,keep,無し,,,,
rtshell5_tutorial.png,keep,無し,,,,
rtshell6.png,keep,無し,,,,
rtshell6_tutorial.png,keep,無し,,,,
rtshell_2025.pdf,keep,無し,,,,
rtshell_installer_1.png,keep,無し,,,,
rtshell_installer_2.png,keep,無し,,,,
rtshell_installer_3.png,keep,無し,,,,
rtshell_installer_4.png,keep,無し,,,,
rtshell入門.pdf,keep,無し,,,,
rtsprofile_installer_1.png,keep,無し,,,,
rtsprofile_installer_2.png,keep,無し,,,,
rtsprofile_installer_3.png,keep,無し,,,,
rtsprofile_installer_4.png,keep,無し,,,,
rtsysed_add_nameserver_button.png,keep,無し,,,,
rtsysed_add_nameserver_dialog.png,keep,無し,,,,
rtsysed_added_nameserver.png,keep,無し,,,,
rtsysed_connect_consolein_consoleout.png,keep,無し,,,,
rtsysed_demo_activated.png,keep,無し,,,,
rtsysed_demo_connected.png,keep,無し,,,,
rtsystemeditor_consoleinout.png,keep,無し,,,,
rulehome2015.pdf,keep,無し,,,,
run_task.png,keep,無し,,,,
run_task2.png,keep,無し,,,,
s_DSC00.JPG,keep,無し,,,,
s_DSC00369.JPG,keep,無し,,,,
s_DSC00370.JPG,keep,無し,,,,
s_DSC00372.JPG,keep,無し,,,,
s_DSC00374.JPG,keep,無し,,,,
s_DSC00375.JPG,keep,無し,,,,
s_DSC00376.JPG,keep,無し,,,,
s_DSC00386.JPG,keep,無し,,,,
s_DSC00387.JPG,keep,無し,,,,
s_DSC00388.JPG,keep,無し,,,,
s_DSC00389.JPG,keep,無し,,,,
s_DSC00390.JPG,keep,無し,,,,
s_DSC00391.JPG,keep,無し,,,,
s_DSC00393.JPG,keep,無し,,,,
s_DSC00394.JPG,keep,無し,,,,
s_DSC00395.JPG,keep,無し,,,,
s_DSC00396.JPG,keep,無し,,,,
s_DSC00397.JPG,keep,無し,,,,
s_DSC00398.JPG,keep,無し,,,,
s_DSC00399.JPG,keep,無し,,,,
s_DSC00400.JPG,keep,無し,,,,
s_DSC00401.JPG,keep,無し,,,,
s_DSC00402.JPG,keep,無し,,,,
s_DSC00403.JPG,keep,無し,,,,
s_DSC00404.JPG,keep,無し,,,,
s_DSC00405.JPG,keep,無し,,,,
s_DSC00406.JPG,keep,無し,,,,
s_DSC00407.JPG,keep,無し,,,,
s_DSC00408.JPG,keep,無し,,,,
s_DSC00409.JPG,keep,無し,,,,
s_DSC00410.JPG,keep,無し,,,,
s_DSC00411.JPG,keep,無し,,,,
s_DSC00412.JPG,keep,無し,,,,
s_DSC00415.JPG,keep,無し,,,,
s_DSC00416.JPG,keep,無し,,,,
s_DSC00417.JPG,keep,無し,,,,
s_DSC00418.JPG,keep,無し,,,,
s_DSC00419.JPG,keep,無し,,,,
s_DSC00422.JPG,keep,無し,,,,
s_DSC00424.JPG,keep,無し,,,,
s_DSC00425.JPG,keep,無し,,,,
s_DSC00426.JPG,keep,無し,,,,
s_DSC00427.JPG,keep,無し,,,,
s_DSC00428.JPG,keep,無し,,,,
s_DSC00432.JPG,keep,無し,,,,
s_DSC00433.JPG,keep,無し,,,,
s_DSC00434.JPG,keep,無し,,,,
s_DSC00440.JPG,keep,無し,,,,
s_DSC00443.JPG,keep,無し,,,,
s_DSC00444.JPG,keep,無し,,,,
s_DSC00446.JPG,keep,無し,,,,
s_DSC00448.JPG,keep,無し,,,,
s_DSC00450.JPG,keep,無し,,,,
s_DSC00451.JPG,keep,無し,,,,
s_DSC00452.JPG,keep,無し,,,,
s_DSC00454.JPG,keep,無し,,,,
s_DSC00455.JPG,keep,無し,,,,
s_DSC00456.JPG,keep,無し,,,,
s_DSC00457.JPG,keep,無し,,,,
s_DSC00459.JPG,keep,無し,,,,
s_DSC00460.JPG,keep,無し,,,,
s_DSC00461.JPG,keep,無し,,,,
s_DSC00463.JPG,keep,無し,,,,
s_DSC00465.JPG,keep,無し,,,,
s_DSC00467.JPG,keep,無し,,,,
s_DSC00470.JPG,keep,無し,,,,
s_DSC00471.JPG,keep,無し,,,,
s_DSC00492.JPG,keep,無し,,,,
s_DSC00493.JPG,keep,無し,,,,
s_DSC00494.JPG,keep,無し,,,,
s_DSC00496.JPG,keep,無し,,,,
s_DSC00499.JPG,keep,無し,,,,
s_DSC00503.JPG,keep,無し,,,,
s_DSC00508.JPG,keep,無し,,,,
s_DSC00511.JPG,keep,無し,,,,
s_DSC00776.JPG,keep,無し,,,,
s_DSC00777.JPG,keep,無し,,,,
s_DSC00796.JPG,keep,無し,,,,
s_DSC00797.JPG,keep,無し,,,,
s_DSC00798.JPG,keep,無し,,,,
s_DSC01033.JPG,keep,無し,,,,
s_DSC01096.JPG,keep,無し,,,,
s_DSC01098.JPG,keep,無し,,,,
s_DSC04048.JPG,keep,無し,,,,
s_DSC09198.JPG,keep,無し,,,,
s_DSC09201.JPG,keep,無し,,,,
sammercamp2023_r2.png,keep,無し,,,,
sample_component_binary.png,keep,無し,,,,
sample_component_compile.png,keep,無し,,,,
sample_component_connect.png,keep,無し,,,,
sample_component_follow_hands.png,keep,無し,,,,
sample_component_project.png,keep,無し,,,,
sample_component_test.png,keep,無し,,,,
samplecpp.png,keep,無し,,,,
sc2017_1.JPG,keep,無し,,,,
sc2017_10.JPG,keep,無し,,,,
sc2017_11.JPG,keep,無し,,,,
sc2017_2.JPG,keep,無し,,,,
sc2017_3.JPG,keep,無し,,,,
sc2017_5.JPG,keep,無し,,,,
sc2017_6.JPG,keep,無し,,,,
sc2017_7.JPG,keep,無し,,,,
sc2017_8.JPG,keep,無し,,,,
sc2017_9.JPG,keep,無し,,,,
sdcard_mac.png,keep,無し,,,,
sec.png,keep,無し,,,,
select_JDK_ja.png,keep,無し,,,,
seqinout_console.png,keep,無し,,,,
server1.png,keep,無し,,,,
server2.png,keep,無し,,,,
server3.png,keep,無し,,,,
server4.png,keep,無し,,,,
server5.png,keep,無し,,,,
server6.png,keep,無し,,,,
service1.png,keep,無し,,,,
service2.png,keep,無し,,,,
service3.png,keep,無し,,,,
serviceif_autoconnection_ja.png,keep,無し,,,,
serviceport_connection_and_reference_ja.png,keep,無し,,,,
serviceport_example_ja.png,keep,無し,,,,
serviceport_orb_and_provider_ja.png,keep,無し,,,,
set_active_JDK_ja.png,keep,無し,,,,
shared_mem.png,keep,無し,,,,
shiba_demo_00.jpg,keep,無し,,,,
shiba_demo_01.jpg,keep,無し,,,,
shiba_demo_02.jpg,keep,無し,,,,
sim5.png,keep,無し,,,,
sim6.png,keep,無し,,,,
simpleio_ubuntu.png,keep,無し,,,,
simulator_ev3_1.png,keep,無し,,,,
simulator_ev3_2.png,keep,無し,,,,
sirializer1-1.png,keep,無し,,,,
slam1.png,keep,無し,,,,
slam10.png,keep,無し,,,,
slam11.png,keep,無し,,,,
slam13.png,keep,無し,,,,
slam14.png,keep,無し,,,,
slam15.png,keep,無し,,,,
slam16.png,keep,無し,,,,
slam18.png,keep,無し,,,,
slam19.png,keep,無し,,,,
slam2.png,keep,無し,,,,
slam20.png,keep,無し,,,,
slam21.png,keep,無し,,,,
slam22.png,keep,無し,,,,
slam23.png,keep,無し,,,,
slam24.png,keep,無し,,,,
slam25.png,keep,無し,,,,
slam26.png,keep,無し,,,,
slam27.png,keep,無し,,,,
slam28.png,keep,無し,,,,
slam29_2.png,keep,無し,,,,
slam30.png,keep,無し,,,,
slam31.png,keep,無し,,,,
slam32.png,keep,無し,,,,
slam33.png,keep,無し,,,,
slam34.png,keep,無し,,,,
slam35.png,keep,無し,,,,
slam36.png,keep,無し,,,,
slam37.png,keep,無し,,,,
slam38.png,keep,無し,,,,
slam39.png,keep,無し,,,,
slam40.png,keep,無し,,,,
slam41.png,keep,無し,,,,
slam42.png,keep,無し,,,,
slam43.png,keep,無し,,,,
slam45.png,keep,無し,,,,
slam46.png,keep,無し,,,,
slam48.png,keep,無し,,,,
slam5.png,keep,無し,,,,
slam6.png,keep,無し,,,,
slam8.png,keep,無し,,,,
slidercompN.png,keep,無し,,,,
software_package.png,keep,無し,,,,
sp_idl_0.png,keep,無し,,,,
sp_idl_00.png,keep,無し,,,,
sp_idl_01_0.png,keep,無し,,,,
src-conversion_ja.png,keep,無し,,,,
ssl1.png,keep,無し,,,,
ssl2.png,keep,無し,,,,
star_win_orbd_ja.png,keep,無し,,,,
start-menu-folder.png,keep,無し,,,,
start-menu.png,keep,無し,,,,
start_command_prompt.png,keep,無し,,,,
start_launcher.png,keep,無し,,,,
startnameservice002.png,keep,無し,,,,
summercamp2013.jpg,keep,無し,,,,
summercamp2015-01.jpg,keep,無し,,,,
summercamp2015-02.jpg,keep,無し,,,,
summercamp2015-03.jpg,keep,無し,,,,
summercamp2015-04.jpg,keep,無し,,,,
summercamp2015-05.jpg,keep,無し,,,,
summercamp2015-06.jpg,keep,無し,,,,
summercamp2015-07.jpg,keep,無し,,,,
summercamp2015-08.jpg,keep,無し,,,,
summercamp2015-09.jpg,keep,無し,,,,
summercamp2015.jpg,keep,無し,,,,
summercamp2016-0.jpg,keep,無し,,,,
summercamp2016-01.JPG,keep,無し,,,,
summercamp2016-02.JPG,keep,無し,,,,
summercamp2016-03.JPG,keep,無し,,,,
summercamp2016-04.JPG,keep,無し,,,,
summercamp2016-05.JPG,keep,無し,,,,
summercamp2016-06.JPG,keep,無し,,,,
summercamp2016-07.JPG,keep,無し,,,,
summercamp2016-08.JPG,keep,無し,,,,
summercamp2016-09.JPG,keep,無し,,,,
summercamp2016-10.JPG,keep,無し,,,,
summercamp2017-0.jpg,keep,無し,,,,
summercamp2018_title.png,keep,無し,,,,
summercamp2019_title3.png,keep,無し,,,,
summercamp2021.jpg,keep,無し,,,,
summercamp2022-01.png,keep,無し,,,,
summercamp2022-02.png,keep,無し,,,,
summercamp2022-03.png,keep,無し,,,,
summercamp2023_slider.png,keep,無し,,,,
summercamp2025_00.jpg,keep,無し,,,,
summercamp2025_01.jpg,keep,無し,,,,
summercamp2025_02.jpg,keep,無し,,,,
summercamp2025_03.jpg,keep,無し,,,,
summercamp2025_04.jpg,keep,無し,,,,
summercamp2025_05.jpg,keep,無し,,,,
summercamp2025_06.jpg,keep,無し,,,,
summercamp2025_07.jpg,keep,無し,,,,
summercamp2025_slider.png,keep,無し,,,,
summercamp_logo2017.png,keep,無し,,,,
summerccamp2020_2.png,keep,無し,,,,
system-property_01.png,keep,無し,,,,
system-property_02.png,keep,無し,,,,
system-property_03.png,keep,無し,,,,
system-property_04.png,keep,無し,,,,
system-property_05.png,keep,無し,,,,
system-property_06.png,keep,無し,,,,
system-property_07.png,keep,無し,,,,
system-property_08.png,keep,無し,,,,
system-property_09.png,keep,無し,,,,
system_env1.png,keep,無し,,,,
system_env2.png,keep,無し,,,,
system_env3.png,keep,無し,,,,
system_env4.png,keep,無し,,,,
system_env5.png,keep,無し,,,,
system_lcd.png,keep,無し,,,,
systemopencv2.png,keep,無し,,,,
sytemopencvcamera.png,keep,無し,,,,
syuugou2.jpg,keep,無し,,,,
target02.png,keep,無し,,,,
target03.png,keep,無し,,,,
tensai_kyoka_201311.pdf,keep,有る,,,,
tensai_kyoka_201312_SI2013.pdf,keep,有る,,,,
teraterm_connect.png,keep,無し,,,,
testMap.png,keep,無し,,,,
tetrix_device.png,keep,無し,,,,
timed_velocity_2d.png,keep,無し,,,,
tkLRFViewGUI.png,keep,無し,,,,
tkLRFViewGUIinUse.png,keep,無し,,,,
tkmobilerobotcanvas.png,keep,無し,,,,
tkmotorposcomp.png,keep,無し,,,,
toto_demo_00.jpg,keep,無し,,,,
toto_demo_01.jpg,keep,無し,,,,
toto_demo_02.jpg,keep,無し,,,,
training.png,keep,無し,,,,
tu_ev3_1.png,keep,無し,,,,
tu_ev3_10.png,keep,無し,,,,
tu_ev3_11.png,keep,無し,,,,
tu_ev3_12.png,keep,無し,,,,
tu_ev3_14.png,keep,無し,,,,
tu_ev3_15.png,keep,無し,,,,
tu_ev3_16.png,keep,無し,,,,
tu_ev3_17.png,keep,無し,,,,
tu_ev3_18.png,keep,無し,,,,
tu_ev3_19.png,keep,無し,,,,
tu_ev3_20.png,keep,無し,,,,
tu_ev3_24.png,keep,無し,,,,
tu_ev3_25.png,keep,無し,,,,
tu_ev3_3.png,keep,無し,,,,
tu_ev3_4.png,keep,無し,,,,
tu_ev3_5.png,keep,無し,,,,
tu_ev3_7.png,keep,無し,,,,
tu_ev3_8.png,keep,無し,,,,
tu_ev3_9.png,keep,無し,,,,
tutorial_ev3_16.png,keep,無し,,,,
tutorial_ev3_17.png,keep,無し,,,,
tutorial_ev3_18.png,keep,無し,,,,
tutorial_ev3_19.png,keep,無し,,,,
tutorial_ev3_20.png,keep,無し,,,,
tutorial_ev3_21.png,keep,無し,,,,
tutorial_ev3_24.png,keep,無し,,,,
tutorial_ev3_irex1.png,keep,無し,,,,
tutorial_ev3_irex10.png,keep,無し,,,,
tutorial_ev3_irex11.png,keep,無し,,,,
tutorial_ev3_irex12.png,keep,無し,,,,
tutorial_ev3_irex17.png,keep,無し,,,,
tutorial_ev3_irex18.png,keep,無し,,,,
tutorial_ev3_irex2.png,keep,無し,,,,
tutorial_ev3_irex22.png,keep,無し,,,,
tutorial_ev3_irex23.png,keep,無し,,,,
tutorial_ev3_irex24.png,keep,無し,,,,
tutorial_ev3_irex25.png,keep,無し,,,,
tutorial_ev3_irex26.png,keep,無し,,,,
tutorial_ev3_irex28.png,keep,無し,,,,
tutorial_ev3_irex29.png,keep,無し,,,,
tutorial_ev3_irex3.png,keep,無し,,,,
tutorial_ev3_irex30.png,keep,無し,,,,
tutorial_ev3_irex31.png,keep,無し,,,,
tutorial_ev3_irex32.png,keep,無し,,,,
tutorial_ev3_irex6.png,keep,無し,,,,
tutorial_ev3_irex7.png,keep,無し,,,,
tutorial_ev3_irex9_2.png,keep,無し,,,,
tutorial_raspimouse0.png,keep,無し,,,,
tutorial_raspimouse0_2.png,keep,無し,,,,
tutorial_raspimouse1.png,keep,無し,,,,
tutorial_raspimouse10.png,keep,無し,,,,
tutorial_raspimouse11.png,keep,無し,,,,
tutorial_raspimouse12.png,keep,無し,,,,
tutorial_raspimouse14.png,keep,無し,,,,
tutorial_raspimouse15.png,keep,無し,,,,
tutorial_raspimouse16.png,keep,無し,,,,
tutorial_raspimouse18.png,keep,無し,,,,
tutorial_raspimouse2.png,keep,無し,,,,
tutorial_raspimouse3_2.png,keep,無し,,,,
tutorial_raspimouse4.png,keep,無し,,,,
tutorial_raspimouse41.png,keep,無し,,,,
tutorial_raspimouse5.png,keep,無し,,,,
tutorial_raspimouse6.png,keep,無し,,,,
tutorial_raspimouse7.png,keep,無し,,,,
tutorial_raspimouse8.png,keep,無し,,,,
tutorial_raspimouse9.png,keep,無し,,,,
ubuntu_adcard_mount.png,keep,無し,,,,
ubuntu_logo2.png,keep,無し,,,,
undistorted0.jpg,keep,無し,,,,
unix100_NameServer_ja.png,keep,無し,,,,
unix100_oneditor_ja.png,keep,無し,,,,
vc2017.png,keep,無し,,,,
vcverchanger.png,keep,無し,,,,
version.png,keep,無し,,,,
vine_logo.png,keep,無し,,,,
vpn_windows_00.png,keep,無し,,,,
vpn_windows_01.png,keep,無し,,,,
vpn_windows_02.png,keep,無し,,,,
vpn_windows_03.png,keep,無し,,,,
vpn_windows_04.png,keep,無し,,,,
vpn_windows_05.png,keep,無し,,,,
vpn_windows_06.png,keep,無し,,,,
vpn_windows_07.png,keep,無し,,,,
vpn_windows_08.png,keep,無し,,,,
vs2015_1.png,keep,無し,,,,
vs2015_2.png,keep,無し,,,,
vs2015_3.png,keep,無し,,,,
vs2022_install1.png,keep,無し,,,,
vs2022_install2.png,keep,無し,,,,
vs2022_install3.png,keep,無し,,,,
vs2022_install4.png,keep,無し,,,,
vs_install5.png,keep,無し,,,,
win-start-tool-java.png,keep,無し,,,,
win32diskimager.png,keep,無し,,,,
win32diskimager_site.png,keep,無し,,,,
win8_adapter_address.png,keep,無し,,,,
win8_adapter_status.png,keep,無し,,,,
win8_network_settings.png,keep,無し,,,,
win_DSC_0015_4.jpg,keep,無し,,,,
win_consoleinout_window2.png,keep,無し,,,,
win_consoleinout_window_ja.png,keep,無し,,,,
win_naming_service2_ja.png,keep,無し,,,,
win_naming_service_ja.png,keep,無し,,,,
win_start_menu_comps2_ja.png,keep,無し,,,,
win_start_menu_comps_ja.png,keep,無し,,,,
win_start_menu_open2_ja.png,keep,無し,,,,
win_start_menu_open_ja.png,keep,無し,,,,
win_start_tool_ja.png,keep,無し,,,,
win_start_tool_python_ja.png,keep,無し,,,,
windows10-logo.png,keep,無し,,,,
windows_logo.png,keep,無し,,,,
wlan_dongle.png,keep,無し,,,,
workspace_ubuntu.png,keep,無し,,,,
xbee-usb.png,keep,無し,,,,
xctu0.png,keep,無し,,,,
xctu1.png,keep,無し,,,,
xctu2.png,keep,無し,,,,
xctu3.png,keep,無し,,,,
xctu6.png,keep,無し,,,,
xctu_setup0.png,keep,無し,,,,
xfinder_folder.png,keep,無し,,,,
xfinder_gui_panes.png,keep,無し,,,,
xfinder_launchterm_dclick.png,keep,無し,,,,
xfinder_launcterm_by_loginbutton.png,keep,無し,,,,
xfinder_scanning_board.png,keep,無し,,,,
xfinder_select_board.png,keep,無し,,,,
xfinder_select_ifaddr.png,keep,無し,,,,
xfinder_select_pattern.png,keep,無し,,,,
yasukawa1.png,keep,無し,,,,
yasukawa2.png,keep,無し,,,,
ysuga.jpg,keep,無し,,,,
zipc-rtc.png,keep,無し,,,,
{{ site.baseurl }}/ja/download/openrtm-aist-python/openrtm-aist-python_1_2_1_release,change,/download/openrtm-aist-python/openrtm-aist-python_1_2_1_release,,,,
{{ site.baseurl }}/ja/doc/casestudy/raspberrypi_mouse/raspimouse_tutorial_bootcamp/tutorial_bootcamp_cpp_ubuntu,change,/doc/casestudy/raspberrypi_mouse/raspimouse_tutorial_bootcamp/tutorial_bootcamp_cpp_ubuntu,,,,
{{ site.baseurl }}/ja/doc/casestudy/raspberrypi_mouse/raspimouse_tutorial_bootcamp/tutorial_bootcamp_cpp_windows,change,/doc/casestudy/raspberrypi_mouse/raspimouse_tutorial_bootcamp/tutorial_bootcamp_cpp_windows,,,,
{{ site.baseurl }}/ja/doc/installation/sample_components/autocontrol,change,/doc/installation/sample_components/autocontrol,,,,
{{ site.baseurl }}/ja/doc/installation/sample_components/chromakey,change,/doc/installation/sample_components/chromakey,,,,
{{ site.baseurl }}/ja/doc/installation/sample_components/composite,change,/doc/installation/sample_components/composite,,,,
{{ site.baseurl }}/ja/doc/installation/sample_components/configsample,change,/doc/installation/sample_components/configsample,,,,
{{ site.baseurl }}/ja/doc/installation/sample_components/exttrigger,change,/doc/installation/sample_components/exttrigger,,,,
{{ site.baseurl }}/ja/doc/installation/sample_components/guiin,change,/doc/installation/sample_components/guiin,,,,
{{ site.baseurl }}/ja/doc/installation/sample_components/imagesubtraction,change,/doc/installation/sample_components/imagesubtraction,,,,
{{ site.baseurl }}/ja/doc/installation/sample_components/objecttracking,change,/doc/installation/sample_components/objecttracking,,,,
{{ site.baseurl }}/ja/doc/installation/sample_components/opencvcamera,change,/doc/installation/sample_components/opencvcamera,,,,
{{ site.baseurl }}/ja/doc/installation/sample_components/seqio,change,/doc/installation/sample_components/seqio,,,,
{{ site.baseurl }}/ja/doc/installation/sample_components/simpleio,change,/doc/installation/sample_components/simpleio,,,,
{{ site.baseurl }}/ja/doc/installation/sample_components/simpleservice,change,/doc/installation/sample_components/simpleservice,,,,
{{ site.baseurl }}/ja/doc/installation/sample_components/substractcaptureimage,change,/doc/installation/sample_components/substractcaptureimage,,,,
{{ site.baseurl }}/ja/doc/installation/sample_components/tkcalibgui,change,/doc/installation/sample_components/tkcalibgui,,,,
{{ site.baseurl }}/ja/doc/installation/sample_components/tkjoystick_mobilerobotsimulator,change,/doc/installation/sample_components/tkjoystick_mobilerobotsimulator,,,,
{{ site.baseurl }}/ja/doc/installation/sample_components/tklrfviewer,change,/doc/installation/sample_components/tklrfviewer,,,,
{{ site.baseurl }}/ja/doc/installation/sample_components/tkmotorcomp_slidercomp,change,/doc/installation/sample_components/tkmotorcomp_slidercomp,,,,
{{ site.baseurl }}/ja/doc/installation/sample_components/tkmotorposcomp_slidercomp,change,/doc/installation/sample_components/tkmotorposcomp_slidercomp,,,,
ロボットミドルウェア使ってロボットつくるよreduced.pdf,keep,,,,,
/ja/node/6996,change,/doc/installation/install_rtshell/check_linux,,,,
/ja/node/4974,projectpage,プロジェクトぺーじ,（Projectページはリンク切れです）,(No corresponding English project page available.),,
/ja/node/6877,change,/download/openrtm-aist-cpp/openrtm-aist-cpp_1_2_1_release,,,,
/ja/node/4720,change,/download/openrtm-aist-cpp/openrtm-aist-cpp_1_0_2_release,,,,
/ja/node/5420,no_link_page,無し,（リンク切れです）,(No corresponding page available.),,
/ja/node/933,no_link_page,無し,（リンク切れです）,(No corresponding page available.),,
/ja/node/808,no_link_page,無し,（リンク切れです）,(No corresponding page available.),,
/ja/node/90,no_link_page,無し,（リンク切れです）,(No corresponding page available.),,
/ja/node/68,no_link_page,無し,（リンク切れです）,(No corresponding page available.),,
/ja/node/67,no_link_page,無し,（リンク切れです）,(No corresponding page available.),,
/ja/node/4529,no_link_page,無し,（リンク切れです）,(No corresponding page available.),,
/ja/node/4553,no_link_page,無し,（リンク切れです）,(No corresponding page available.),,
/ja/node/114,change,/doc/faq,,,,
/ja/node/6388,change,/tutorials/171128_jsai/tutorials_verify_inference,,,,
./rtc_development/node/6388,change,/tutorials/171128_jsai/tutorials_verify_inference,,,,
/ja/node/6389,change,/tutorials/171128_jsai/tutorials_data_collection,,,,
./rtc_development/node/6389,change,/tutorials/171128_jsai/tutorials_data_collection,,,,
/ja/node/805,change,/doc/installation/install_1_1/java_1_1/tips_jdk,,,,
/ja/node/248,change,/doc/faq/faq_rtp_tools,,,,
/ja/node/6665,change,/doc/installation/install_2_0/install_linux_2_0/install_debpackages_workcontent_2_0,,,,
/ja/node/5933,projectpage,プロジェクトぺーじ,（Projectページはリンク切れです）,(No corresponding English project page available.),,
/ja/node/6877,change,/download/openrtm-aist-cpp/openrtm-aist-cpp_1_2_1_release,,,,
/ja/node/640,no_link_page,無し,（リンク切れです）,(No corresponding page available.),,
/ja/node/7130,change,/doc/developersguide/advanced_rt_system_programming/openrtm_cpp_cmake_build/omniorb_build,,,,
/ja/node/7131,change,/doc/developersguide/advanced_rt_system_programming/openrtm_cpp_cmake_build/tao_build,,,,
/ja/node/6026,change,/doc/installation/install_1_1/cpp_1_1/install_windows_1_1/quick_start_1_1_2/,,,,
/ja/node/794,change,/doc/installation/install_1_1/cpp_1_1/test_windows_1_1,,,,
//node/6974,change,/doc/installation/sample_components/opencvcamera/opencv_sample_build,,,,
/ja/node/5943,projectpage,プロジェクトぺーじ,（Projectページはリンク切れです）,(No corresponding English project page available.),,
,no_link_page,無し,（リンク切れです）,(No corresponding page available.),,
/ja/node/7154,change,/download/download_202_release,,,,
/ja/node/1016,change,/content/site_policy,,,,
/ja/node/247,change,/content/terms_of_service,,,,
/ja/node/1185,change,/content/privacy_policy,,,,
/ja/node/4599,change,/projects/nedo_chinouka,,,,
